call_id,rows,account_id_unique,borrower_id_unique,event_at_unique,agent_id_unique,campaign_id_unique,direction_unique,vendor_id_unique,call_status_unique,duration_sec_unique,timezone_unique,difference_count,exact_duplicate
CALL0000050,2,1,1,1,1,1,1,1,1,1,1,0,True
CALL0000078,2,1,1,1,1,1,1,1,1,1,1,0,True
CALL0000097,2,1,1,1,1,1,1,1,1,1,1,0,True
CALL0000201,2,1,1,1,1,1,1,1,1,1,1,0,True
CALL0000226,2,1,1,2,1,1,1,1,1,1,1,1,False
CALL0000285,2,1,1,1,1,1,1,1,1,1,1,0,True
CALL0000374,2,1,1,1,1,1,1,1,1,1,1,0,True
CALL0000510,2,1,1,1,1,1,1,1,1,1,1,0,True
CALL0000772,2,1,1,1,1,1,1,1,1,1,1,0,True
CALL0000803,2,1,1,1,1,1,1,1,1,1,1,0,True
CALL0000822,2,1,1,1,1,1,1,1,1,1,1,0,True
CALL0000845,2,1,1,1,1,1,1,1,1,1,1,0,True
CALL0000872,2,1,1,1,1,1,1,1,1,1,1,0,True
CALL0000935,2,1,1,1,1,1,1,1,1,1,1,0,True
CALL0001109,2,1,1,1,1,1,1,1,1,1,1,0,True
CALL0001236,2,1,1,1,1,1,1,1,1,1,1,0,True
CALL0001354,2,1,1,1,1,1,1,1,1,1,1,0,True
CALL0001424,2,1,1,1,1,1,1,1,1,1,1,0,True
CALL0001507,2,1,1,1,1,1,1,1,1,1,1,0,True
CALL0001518,2,1,1,1,1,1,1,1,1,1,1,0,True
CALL0001606,2,1,1,1,2,1,1,1,1,1,1,1,False
CALL0001662,2,1,1,1,1,1,1,1,1,1,1,0,True
CALL0001671,2,1,1,1,1,1,1,1,1,1,1,0,True
CALL0001811,2,1,1,1,2,1,1,1,1,1,1,1,False
CALL0001881,2,1,1,1,1,1,1,1,1,1,1,0,True
CALL0001904,2,1,1,1,1,1,1,1,1,1,1,0,True
CALL0002100,2,1,1,1,1,1,1,1,1,1,1,0,True
CALL0002177,2,1,1,1,1,1,1,1,1,1,1,0,True
CALL0002266,2,1,1,1,1,1,1,1,1,1,1,0,True
CALL0002327,2,1,1,1,1,1,1,1,1,1,1,0,True
CALL0002478,2,1,1,1,1,1,1,1,1,1,1,0,True
CALL0002481,2,1,1,1,1,1,1,1,1,1,1,0,True
CALL0002623,2,1,1,1,1,1,1,1,1,1,1,0,True
CALL0002685,2,1,1,1,1,1,1,1,1,1,1,0,True
CALL0002707,2,1,1,1,1,1,1,1,1,1,1,0,True
CALL0002720,2,1,1,1,1,1,1,1,1,1,1,0,True
CALL0002756,2,1,1,1,1,1,1,1,1,1,1,0,True
CALL0002830,2,1,1,1,1,1,1,1,1,1,1,0,True
CALL0002896,2,1,1,1,1,1,1,1,1,1,1,0,True
CALL0003082,2,1,1,1,2,1,1,1,1,1,1,1,False
CALL0003091,2,1,1,1,1,1,1,1,1,1,1,0,True
CALL0003107,2,1,1,1,1,1,1,1,1,1,1,0,True
CALL0003160,2,1,1,1,1,1,1,1,1,1,1,0,True
CALL0003182,2,1,1,1,1,1,1,1,1,1,1,0,True
CALL0003226,2,1,1,1,1,1,1,1,1,1,1,0,True
CALL0003293,2,1,1,1,1,1,1,1,1,1,1,0,True
CALL0003384,2,1,1,1,1,1,1,1,1,1,1,0,True
CALL0003492,2,1,1,1,1,1,1,1,1,1,1,0,True
CALL0003500,2,1,1,1,1,1,1,1,1,1,1,0,True
CALL0003678,2,1,1,1,1,1,1,1,1,1,1,0,True
CALL0003690,2,1,1,1,1,1,1,1,1,1,1,0,True
CALL0003707,2,1,1,1,1,1,1,1,1,1,1,0,True
CALL0003737,2,1,1,1,1,1,1,1,1,1,1,0,True
CALL0003775,2,1,1,1,1,1,1,1,1,1,1,0,True
CALL0003824,2,1,1,1,1,1,1,1,1,1,1,0,True
CALL0003846,2,1,1,1,1,1,1,1,1,1,1,0,True
CALL0003847,2,1,1,1,1,1,1,1,1,1,1,0,True
CALL0003896,2,1,1,1,1,1,1,1,1,1,1,0,True
CALL0003993,2,1,1,1,1,1,1,1,1,1,1,0,True
CALL0004103,2,1,1,1,1,1,1,1,1,1,1,0,True
CALL0004135,2,1,1,1,1,1,1,1,1,1,1,0,True
CALL0004165,2,1,1,1,1,1,1,1,1,1,1,0,True
CALL0004209,2,1,1,1,1,1,1,1,1,1,1,0,True
CALL0004229,2,1,1,1,2,1,1,1,1,1,1,1,False
CALL0004328,2,1,1,1,1,1,1,1,1,1,1,0,True
CALL0004571,2,1,1,1,1,1,1,1,1,1,1,0,True
CALL0004619,2,1,1,1,1,1,1,1,1,1,1,0,True
CALL0004624,2,1,1,1,1,1,1,1,1,1,1,0,True
CALL0004745,2,1,1,1,1,1,1,1,1,1,1,0,True
CALL0004779,2,1,1,1,1,1,1,1,1,1,1,0,True
CALL0004928,2,1,1,1,1,1,1,1,1,1,1,0,True
CALL0005030,2,1,1,1,1,1,1,1,1,1,1,0,True
CALL0005035,2,1,1,1,1,1,1,1,1,1,1,0,True
CALL0005050,2,1,1,1,1,1,1,1,1,1,1,0,True
CALL0005099,2,1,1,2,1,1,1,1,1,1,1,1,False
CALL0005112,2,1,1,1,1,1,1,1,1,1,1,0,True
CALL0005233,2,1,1,1,1,1,1,1,1,1,1,0,True
CALL0005355,2,1,1,1,1,1,1,1,1,1,1,0,True
CALL0005371,2,1,1,1,1,1,1,1,1,1,1,0,True
CALL0005409,2,1,1,1,1,1,1,1,1,1,1,0,True
CALL0005538,2,1,1,1,1,1,1,1,1,1,1,0,True
CALL0005545,2,1,1,1,1,1,1,1,1,1,1,0,True
CALL0005563,2,1,1,1,1,1,1,1,1,1,1,0,True
CALL0005619,2,1,1,1,1,1,1,1,1,1,1,0,True
CALL0005660,2,1,1,1,1,1,1,1,1,1,1,0,True
CALL0005788,2,1,1,1,1,1,1,1,1,1,1,0,True
CALL0006044,2,1,1,1,1,1,1,1,1,1,1,0,True
CALL0006068,2,1,1,1,1,1,1,1,1,1,1,0,True
CALL0006149,2,1,1,1,1,1,1,1,1,1,1,0,True
CALL0006368,2,1,1,1,1,1,1,1,1,1,1,0,True
CALL0006378,2,1,1,1,1,1,1,1,1,1,1,0,True
CALL0006442,2,1,1,1,1,1,1,1,1,1,1,0,True
CALL0006467,2,1,1,1,1,1,1,1,1,1,1,0,True
CALL0006472,2,1,1,1,1,1,1,1,1,1,1,0,True
CALL0006489,2,1,1,1,1,1,1,1,1,1,1,0,True
CALL0006543,2,1,1,1,1,1,1,1,1,1,1,0,True
CALL0006660,2,1,1,1,1,1,1,1,1,1,1,0,True
CALL0006844,2,1,1,1,1,1,1,1,1,1,1,0,True
CALL0006989,2,1,1,1,1,1,1,1,1,1,1,0,True
CALL0007157,2,1,1,1,1,1,1,1,1,1,1,0,True
CALL0007186,2,1,1,1,1,1,1,1,1,1,1,0,True
CALL0007215,2,1,1,1,2,1,1,1,1,1,1,1,False
CALL0007249,2,1,1,1,1,1,1,1,1,1,1,0,True
CALL0007275,2,1,1,1,1,1,1,1,1,1,1,0,True
CALL0007403,2,1,1,1,1,1,1,1,1,1,1,0,True
CALL0007410,2,1,1,1,1,1,1,1,1,1,1,0,True
CALL0007459,2,1,1,1,1,1,1,1,1,1,1,0,True
CALL0007475,2,1,1,1,1,1,1,1,1,1,1,0,True
CALL0007587,2,1,1,1,1,1,1,1,1,1,1,0,True
CALL0007739,2,1,1,1,1,1,1,1,1,1,1,0,True
CALL0007875,2,1,1,1,1,1,1,1,1,1,1,0,True
CALL0007990,2,1,1,1,1,1,1,1,1,1,1,0,True
CALL0008047,2,1,1,1,1,1,1,1,1,1,1,0,True
CALL0008102,2,1,1,1,1,1,1,1,1,1,1,0,True
CALL0008136,2,1,1,1,1,1,1,1,1,1,1,0,True
CALL0008264,2,1,1,1,1,1,1,1,1,1,1,0,True
CALL0008332,2,1,1,1,1,1,1,1,1,1,1,0,True
CALL0008344,2,1,1,1,1,1,1,1,1,1,1,0,True
CALL0008417,2,1,1,1,2,1,1,1,1,1,1,1,False
CALL0008483,2,1,1,1,1,1,1,1,1,1,1,0,True
CALL0008544,2,1,1,1,1,1,1,1,1,1,1,0,True
CALL0008545,2,1,1,1,1,1,1,1,1,1,1,0,True
CALL0008574,2,1,1,1,1,1,1,1,1,1,1,0,True
CALL0008618,2,1,1,1,1,1,1,1,1,1,1,0,True
CALL0008648,2,1,1,2,1,1,1,1,1,1,1,1,False
CALL0008658,2,1,1,1,1,1,1,1,1,1,1,0,True
CALL0008679,2,1,1,1,1,1,1,1,1,1,1,0,True
CALL0008714,2,1,1,1,1,1,1,1,1,1,1,0,True
CALL0008830,2,1,1,1,1,1,1,1,1,1,1,0,True
CALL0008846,2,1,1,1,1,1,1,1,1,1,1,0,True
CALL0008880,2,1,1,1,1,1,1,1,1,1,1,0,True
CALL0008896,2,1,1,1,1,1,1,1,1,1,1,0,True
CALL0008942,2,1,1,1,1,1,1,1,1,1,1,0,True
CALL0008985,2,1,1,1,1,1,1,1,1,1,1,0,True
CALL0008995,2,1,1,1,1,1,1,1,1,1,1,0,True
CALL0008997,2,1,1,1,1,1,1,1,1,1,1,0,True
CALL0009031,2,1,1,1,1,1,1,1,1,1,1,0,True
CALL0009157,2,1,1,1,1,1,1,1,1,1,1,0,True
CALL0009223,2,1,1,1,1,1,1,1,1,1,1,0,True
CALL0009408,2,1,1,1,1,1,1,1,1,1,1,0,True
CALL0009471,2,1,1,1,1,1,1,1,1,1,1,0,True
CALL0009496,2,1,1,1,1,1,1,1,1,1,1,0,True
CALL0009505,2,1,1,1,1,1,1,1,1,1,1,0,True
CALL0009577,2,1,1,1,1,1,1,1,1,1,1,0,True
CALL0009638,2,1,1,1,1,1,1,1,1,1,1,0,True
CALL0009665,2,1,1,1,1,1,1,1,1,1,1,0,True
CALL0009667,2,1,1,1,1,1,1,1,1,1,1,0,True
CALL0009767,2,1,1,1,1,1,1,1,1,1,1,0,True
CALL0009793,2,1,1,1,1,1,1,1,1,1,1,0,True
CALL0009998,2,1,1,1,1,1,1,1,1,1,1,0,True
CALL0010102,2,1,1,1,1,1,1,1,1,1,1,0,True
CALL0010107,2,1,1,1,1,1,1,1,1,1,1,0,True
CALL0010111,2,1,1,1,1,1,1,1,1,1,1,0,True
CALL0010142,2,1,1,1,1,1,1,1,1,1,1,0,True
CALL0010203,2,1,1,1,1,1,1,1,1,1,1,0,True
CALL0010360,2,1,1,1,1,1,1,1,1,1,1,0,True
CALL0010586,2,1,1,1,1,1,1,1,1,1,1,0,True
CALL0010728,2,1,1,1,1,1,1,1,1,1,1,0,True
CALL0010747,2,1,1,1,1,1,1,1,1,1,1,0,True
CALL0010773,2,1,1,1,1,1,1,1,1,1,1,0,True
CALL0010778,2,1,1,1,1,1,1,1,1,1,1,0,True
CALL0011061,2,1,1,1,1,1,1,1,1,1,1,0,True
CALL0011064,2,1,1,1,1,1,1,1,1,1,1,0,True
CALL0011221,2,1,1,1,1,1,1,1,1,1,1,0,True
CALL0011303,2,1,1,1,1,1,1,1,1,1,1,0,True
CALL0011319,2,1,1,1,1,1,1,1,1,1,1,0,True
CALL0011546,2,1,1,1,1,1,1,1,1,1,1,0,True
CALL0011561,2,1,1,1,1,1,1,1,1,1,1,0,True
CALL0011715,2,1,1,1,1,1,1,1,1,1,1,0,True
CALL0011756,2,1,1,1,1,1,1,1,1,1,1,0,True
CALL0011775,2,1,1,1,1,1,1,1,1,1,1,0,True
CALL0012080,2,1,1,1,1,1,1,1,1,1,1,0,True
CALL0012088,2,1,1,1,1,1,1,1,1,1,1,0,True
CALL0012172,2,1,1,1,1,1,1,1,1,1,1,0,True
CALL0012204,2,1,1,1,1,1,1,1,1,1,1,0,True
CALL0012441,2,1,1,1,1,1,1,1,1,1,1,0,True
CALL0012471,2,1,1,1,1,1,1,1,1,1,1,0,True
CALL0012523,2,1,1,1,1,1,1,1,1,1,1,0,True
CALL0012664,2,1,1,1,1,1,1,1,1,1,1,0,True
CALL0012687,2,1,1,1,1,1,1,1,1,1,1,0,True
CALL0012759,2,1,1,1,1,1,1,1,1,1,1,0,True
CALL0012764,2,1,1,1,1,1,1,1,1,1,1,0,True
CALL0012860,2,1,1,1,1,1,1,1,1,1,1,0,True
CALL0012933,2,1,1,1,1,1,1,1,1,1,1,0,True
CALL0012944,2,1,1,1,1,1,1,1,1,1,1,0,True
CALL0012969,2,1,1,1,1,1,1,1,1,1,1,0,True
CALL0012980,2,1,1,1,2,1,1,1,1,1,1,1,False
CALL0013042,2,1,1,1,1,1,1,1,1,1,1,0,True
CALL0013067,2,1,1,1,1,1,1,1,1,1,1,0,True
CALL0013075,2,1,1,1,1,1,1,1,1,1,1,0,True
CALL0013080,2,1,1,1,1,1,1,1,1,1,1,0,True
CALL0013124,2,1,1,1,1,1,1,1,1,1,1,0,True
CALL0013192,2,1,1,1,1,1,1,1,1,1,1,0,True
CALL0013210,2,1,1,1,1,1,1,1,1,1,1,0,True
CALL0013260,2,1,1,1,1,1,1,1,1,1,1,0,True
CALL0013422,2,1,1,1,2,1,1,1,1,1,1,1,False
CALL0013470,2,1,1,2,1,1,1,1,1,1,1,1,False
CALL0013500,2,1,1,1,1,1,1,1,1,1,1,0,True
CALL0013532,2,1,1,1,1,1,1,1,1,1,1,0,True
CALL0013568,2,1,1,1,1,1,1,1,1,1,1,0,True
CALL0013628,2,1,1,1,2,1,1,1,1,1,1,1,False
CALL0013693,2,1,1,1,1,1,1,1,1,1,1,0,True
CALL0014001,2,1,1,1,1,1,1,1,1,1,1,0,True
CALL0014035,2,1,1,1,1,1,1,1,1,1,1,0,True
CALL0014153,2,1,1,1,1,1,1,1,1,1,1,0,True
CALL0014201,2,1,1,1,1,1,1,1,1,1,1,0,True
CALL0014264,2,1,1,1,1,1,1,1,1,1,1,0,True
CALL0014371,2,1,1,1,1,1,1,1,1,1,1,0,True
CALL0014564,2,1,1,1,1,1,1,1,1,1,1,0,True
CALL0014917,2,1,1,1,1,1,1,1,1,1,1,0,True
CALL0014944,2,1,1,1,1,1,1,1,1,1,1,0,True
CALL0014977,2,1,1,1,1,1,1,1,1,1,1,0,True
CALL0015021,2,1,1,1,1,1,1,1,1,1,1,0,True
CALL0015045,2,1,1,1,1,1,1,1,1,1,1,0,True
CALL0015054,2,1,1,1,1,1,1,1,1,1,1,0,True
CALL0015071,2,1,1,1,1,1,1,1,1,1,1,0,True
CALL0015132,2,1,1,1,1,1,1,1,1,1,1,0,True
CALL0015256,2,1,1,1,1,1,1,1,1,1,1,0,True
CALL0015333,2,1,1,1,1,1,1,1,1,1,1,0,True
CALL0015361,2,1,1,1,1,1,1,1,1,1,1,0,True
CALL0015382,2,1,1,1,1,1,1,1,1,1,1,0,True
CALL0015406,2,1,1,1,1,1,1,1,1,1,1,0,True
CALL0015468,2,1,1,1,1,1,1,1,1,1,1,0,True
CALL0015714,2,1,1,1,1,1,1,1,1,1,1,0,True
CALL0015718,2,1,1,1,1,1,1,1,1,1,1,0,True
CALL0015798,2,1,1,1,1,1,1,1,1,1,1,0,True
CALL0015836,2,1,1,1,1,1,1,1,1,1,1,0,True
CALL0015839,2,1,1,1,1,1,1,1,1,1,1,0,True
CALL0015875,2,1,1,1,1,1,1,1,1,1,1,0,True
CALL0015883,2,1,1,1,1,1,1,1,1,1,1,0,True
CALL0016078,2,1,1,1,1,1,1,1,1,1,1,0,True
CALL0016120,2,1,1,1,1,1,1,1,1,1,1,0,True
CALL0016282,2,1,1,1,1,1,1,1,1,1,1,0,True
CALL0016340,2,1,1,1,2,1,1,1,1,1,1,1,False
CALL0016389,2,1,1,1,1,1,1,1,1,1,1,0,True
CALL0016458,2,1,1,1,1,1,1,1,1,1,1,0,True
CALL0016481,2,1,1,1,1,1,1,1,1,1,1,0,True
CALL0016515,2,1,1,1,1,1,1,1,1,1,1,0,True
CALL0016558,2,1,1,1,1,1,1,1,1,1,1,0,True
CALL0016627,2,1,1,1,1,1,1,1,1,1,1,0,True
CALL0016685,2,1,1,1,1,1,1,1,1,1,1,0,True
CALL0016713,2,1,1,1,1,1,1,1,1,1,1,0,True
CALL0016738,2,1,1,1,1,1,1,1,1,1,1,0,True
CALL0016745,2,1,1,1,1,1,1,1,1,1,1,0,True
CALL0016846,2,1,1,1,1,1,1,1,1,1,1,0,True
CALL0016871,2,1,1,1,2,1,1,1,1,1,1,1,False
CALL0016883,2,1,1,1,1,1,1,1,1,1,1,0,True
CALL0016885,2,1,1,1,1,1,1,1,1,1,1,0,True
CALL0017039,2,1,1,1,1,1,1,1,1,1,1,0,True
CALL0017054,2,1,1,1,1,1,1,1,1,1,1,0,True
CALL0017125,2,1,1,1,1,1,1,1,1,1,1,0,True
CALL0017146,2,1,1,1,1,1,1,1,1,1,1,0,True
CALL0017183,2,1,1,1,2,1,1,1,1,1,1,1,False
CALL0017360,2,1,1,1,1,1,1,1,1,1,1,0,True
CALL0017418,2,1,1,1,1,1,1,1,1,1,1,0,True
CALL0017433,2,1,1,1,1,1,1,1,1,1,1,0,True
CALL0017598,2,1,1,1,1,1,1,1,1,1,1,0,True
CALL0017753,2,1,1,1,1,1,1,1,1,1,1,0,True
CALL0017779,2,1,1,1,2,1,1,1,1,1,1,1,False
CALL0017864,2,1,1,1,1,1,1,1,1,1,1,0,True
CALL0017866,2,1,1,1,1,1,1,1,1,1,1,0,True
CALL0017906,2,1,1,1,1,1,1,1,1,1,1,0,True
CALL0017963,2,1,1,1,1,1,1,1,1,1,1,0,True
CALL0017971,2,1,1,1,1,1,1,1,1,1,1,0,True
CALL0018002,2,1,1,1,1,1,1,1,1,1,1,0,True
CALL0018040,2,1,1,1,2,1,1,1,1,1,1,1,False
CALL0018093,2,1,1,1,1,1,1,1,1,1,1,0,True
CALL0018125,2,1,1,1,1,1,1,1,1,1,1,0,True
CALL0018172,2,1,1,1,1,1,1,1,1,1,1,0,True
CALL0018221,2,1,1,1,1,1,1,1,1,1,1,0,True
CALL0018329,2,1,1,1,1,1,1,1,1,1,1,0,True
CALL0018480,2,1,1,1,1,1,1,1,1,1,1,0,True
CALL0018535,2,1,1,1,1,1,1,1,1,1,1,0,True
CALL0018587,2,1,1,1,1,1,1,1,1,1,1,0,True
CALL0018715,2,1,1,1,1,1,1,1,1,1,1,0,True
CALL0018859,2,1,1,1,2,1,1,1,1,1,1,1,False
CALL0018860,2,1,1,1,1,1,1,1,1,1,1,0,True
CALL0018861,2,1,1,1,2,1,1,1,1,1,1,1,False
CALL0018957,2,1,1,1,1,1,1,1,1,1,1,0,True
CALL0019102,2,1,1,1,1,1,1,1,1,1,1,0,True
CALL0019172,2,1,1,1,1,1,1,1,1,1,1,0,True
CALL0019283,2,1,1,1,1,1,1,1,1,1,1,0,True
CALL0019307,2,1,1,1,1,1,1,1,1,1,1,0,True
CALL0019328,2,1,1,1,1,1,1,1,1,1,1,0,True
CALL0019399,2,1,1,1,1,1,1,1,1,1,1,0,True
CALL0019712,2,1,1,1,1,1,1,1,1,1,1,0,True
CALL0019790,2,1,1,1,1,1,1,1,1,1,1,0,True
CALL0019891,2,1,1,1,1,1,1,1,1,1,1,0,True
CALL0019932,2,1,1,1,1,1,1,1,1,1,1,0,True
CALL0020056,2,1,1,1,1,1,1,1,1,1,1,0,True
CALL0020060,2,1,1,1,1,1,1,1,1,1,1,0,True
CALL0020095,2,1,1,1,1,1,1,1,1,1,1,0,True
CALL0020150,2,1,1,1,1,1,1,1,1,1,1,0,True
CALL0020153,2,1,1,1,1,1,1,1,1,1,1,0,True
CALL0020190,2,1,1,1,1,1,1,1,1,1,1,0,True
CALL0020220,2,1,1,1,1,1,1,1,1,1,1,0,True
CALL0020386,2,1,1,1,1,1,1,1,1,1,1,0,True
CALL0020410,2,1,1,1,1,1,1,1,1,1,1,0,True
CALL0020416,2,1,1,1,1,1,1,1,1,1,1,0,True
CALL0020438,2,1,1,1,1,1,1,1,1,1,1,0,True
CALL0020508,2,1,1,1,1,1,1,1,1,1,1,0,True
CALL0020557,2,1,1,1,1,1,1,1,1,1,1,0,True
CALL0020751,2,1,1,1,1,1,1,1,1,1,1,0,True
CALL0020804,2,1,1,1,1,1,1,1,1,1,1,0,True
CALL0020812,2,1,1,1,1,1,1,1,1,1,1,0,True
CALL0020852,2,1,1,1,1,1,1,1,1,1,1,0,True
CALL0020954,2,1,1,1,1,1,1,1,1,1,1,0,True
CALL0020987,2,1,1,1,1,1,1,1,1,1,1,0,True
CALL0021099,2,1,1,1,1,1,1,1,1,1,1,0,True
CALL0021330,2,1,1,1,1,1,1,1,1,1,1,0,True
CALL0021406,2,1,1,1,1,1,1,1,1,1,1,0,True
CALL0021518,2,1,1,1,1,1,1,1,1,1,1,0,True
CALL0021575,2,1,1,1,1,1,1,1,1,1,1,0,True
CALL0021600,2,1,1,1,2,1,1,1,1,1,1,1,False
CALL0021603,2,1,1,1,2,1,1,1,1,1,1,1,False
CALL0021841,2,1,1,1,1,1,1,1,1,1,1,0,True
CALL0021936,2,1,1,1,1,1,1,1,1,1,1,0,True
CALL0021949,2,1,1,1,1,1,1,1,1,1,1,0,True
CALL0021962,2,1,1,1,1,1,1,1,1,1,1,0,True
CALL0021986,2,1,1,1,1,1,1,1,1,1,1,0,True
CALL0021998,2,1,1,1,1,1,1,1,1,1,1,0,True
CALL0022128,2,1,1,1,1,1,1,1,1,1,1,0,True
CALL0022147,2,1,1,1,1,1,1,1,1,1,1,0,True
CALL0022211,2,1,1,1,1,1,1,1,1,1,1,0,True
CALL0022263,2,1,1,1,1,1,1,1,1,1,1,0,True
CALL0022452,2,1,1,1,1,1,1,1,1,1,1,0,True
CALL0022498,2,1,1,1,1,1,1,1,1,1,1,0,True
CALL0022499,2,1,1,1,1,1,1,1,1,1,1,0,True
CALL0022530,2,1,1,1,1,1,1,1,1,1,1,0,True
CALL0022592,2,1,1,1,1,1,1,1,1,1,1,0,True
CALL0022621,2,1,1,1,1,1,1,1,1,1,1,0,True
CALL0022650,2,1,1,1,1,1,1,1,1,1,1,0,True
CALL0022876,2,1,1,1,1,1,1,1,1,1,1,0,True
CALL0022932,2,1,1,1,1,1,1,1,1,1,1,0,True
CALL0022954,2,1,1,1,1,1,1,1,1,1,1,0,True
CALL0023016,2,1,1,1,1,1,1,1,1,1,1,0,True
CALL0023050,2,1,1,1,1,1,1,1,1,1,1,0,True
CALL0023118,2,1,1,1,1,1,1,1,1,1,1,0,True
CALL0023119,2,1,1,1,1,1,1,1,1,1,1,0,True
CALL0023273,2,1,1,1,1,1,1,1,1,1,1,0,True
CALL0023358,2,1,1,1,1,1,1,1,1,1,1,0,True
CALL0023432,2,1,1,1,1,1,1,1,1,1,1,0,True
CALL0023490,2,1,1,1,1,1,1,1,1,1,1,0,True
CALL0023518,2,1,1,1,1,1,1,1,1,1,1,0,True
CALL0023576,2,1,1,1,1,1,1,1,1,1,1,0,True
CALL0023583,2,1,1,1,1,1,1,1,1,1,1,0,True
CALL0023750,2,1,1,1,1,1,1,1,1,1,1,0,True
CALL0023944,2,1,1,1,1,1,1,1,1,1,1,0,True
CALL0024045,2,1,1,1,1,1,1,1,1,1,1,0,True
CALL0024126,2,1,1,1,1,1,1,1,1,1,1,0,True
CALL0024173,2,1,1,1,1,1,1,1,1,1,1,0,True
CALL0024197,2,1,1,1,1,1,1,1,1,1,1,0,True
CALL0024248,2,1,1,1,1,1,1,1,1,1,1,0,True
CALL0024254,2,1,1,1,1,1,1,1,1,1,1,0,True
CALL0024311,2,1,1,1,1,1,1,1,1,1,1,0,True
CALL0024327,2,1,1,1,1,1,1,1,1,1,1,0,True
CALL0024353,2,1,1,1,1,1,1,1,1,1,1,0,True
CALL0024406,2,1,1,1,1,1,1,1,1,1,1,0,True
CALL0024426,2,1,1,1,1,1,1,1,1,1,1,0,True
CALL0024468,2,1,1,1,1,1,1,1,1,1,1,0,True
CALL0024500,2,1,1,1,1,1,1,1,1,1,1,0,True
CALL0024568,2,1,1,1,1,1,1,1,1,1,1,0,True
CALL0024571,2,1,1,1,1,1,1,1,1,1,1,0,True
CALL0024604,2,1,1,1,1,1,1,1,1,1,1,0,True
CALL0024669,2,1,1,1,1,1,1,1,1,1,1,0,True
CALL0024956,2,1,1,1,1,1,1,1,1,1,1,0,True
CALL0024993,2,1,1,1,1,1,1,1,1,1,1,0,True
CALL0025030,2,1,1,1,1,1,1,1,1,1,1,0,True
CALL0025072,2,1,1,1,1,1,1,1,1,1,1,0,True
CALL0025216,2,1,1,1,1,1,1,1,1,1,1,0,True
CALL0025279,2,1,1,1,1,1,1,1,1,1,1,0,True
CALL0025321,2,1,1,1,1,1,1,1,1,1,1,0,True
CALL0025612,2,1,1,1,1,1,1,1,1,1,1,0,True
CALL0025766,2,1,1,1,1,1,1,1,1,1,1,0,True
CALL0025790,2,1,1,1,1,1,1,1,1,1,1,0,True
CALL0025900,2,1,1,1,2,1,1,1,1,1,1,1,False
CALL0025922,2,1,1,1,1,1,1,1,1,1,1,0,True
CALL0026049,2,1,1,1,1,1,1,1,1,1,1,0,True
CALL0026204,2,1,1,1,1,1,1,1,1,1,1,0,True
CALL0026275,2,1,1,1,1,1,1,1,1,1,1,0,True
CALL0026439,2,1,1,1,1,1,1,1,1,1,1,0,True
CALL0026512,2,1,1,1,1,1,1,1,1,1,1,0,True
CALL0026537,2,1,1,1,1,1,1,1,1,1,1,0,True
CALL0026541,2,1,1,1,1,1,1,1,1,1,1,0,True
CALL0026645,2,1,1,1,1,1,1,1,1,1,1,0,True
CALL0026689,2,1,1,1,1,1,1,1,1,1,1,0,True
CALL0026807,2,1,1,1,1,1,1,1,1,1,1,0,True
CALL0026829,2,1,1,1,1,1,1,1,1,1,1,0,True
CALL0026940,2,1,1,1,1,1,1,1,1,1,1,0,True
CALL0026967,2,1,1,1,2,1,1,1,1,1,1,1,False
CALL0027067,2,1,1,1,1,1,1,1,1,1,1,0,True
CALL0027108,2,1,1,1,1,1,1,1,1,1,1,0,True
CALL0027187,2,1,1,1,1,1,1,1,1,1,1,0,True
CALL0027239,2,1,1,1,1,1,1,1,1,1,1,0,True
CALL0027286,2,1,1,1,1,1,1,1,1,1,1,0,True
CALL0027417,2,1,1,1,1,1,1,1,1,1,1,0,True
CALL0027421,2,1,1,1,1,1,1,1,1,1,1,0,True
CALL0027422,2,1,1,1,1,1,1,1,1,1,1,0,True
CALL0027425,2,1,1,1,1,1,1,1,1,1,1,0,True
CALL0027541,2,1,1,1,1,1,1,1,1,1,1,0,True
CALL0027582,2,1,1,1,1,1,1,1,1,1,1,0,True
CALL0027677,2,1,1,1,1,1,1,1,1,1,1,0,True
CALL0027710,2,1,1,1,1,1,1,1,1,1,1,0,True
CALL0027879,2,1,1,1,1,1,1,1,1,1,1,0,True
CALL0027952,2,1,1,1,1,1,1,1,1,1,1,0,True
CALL0028291,2,1,1,1,1,1,1,1,1,1,1,0,True
CALL0028348,2,1,1,1,2,1,1,1,1,1,1,1,False
CALL0028366,2,1,1,1,1,1,1,1,1,1,1,0,True
CALL0028460,2,1,1,1,1,1,1,1,1,1,1,0,True
CALL0028707,2,1,1,1,1,1,1,1,1,1,1,0,True
CALL0028785,2,1,1,1,1,1,1,1,1,1,1,0,True
CALL0028795,2,1,1,1,1,1,1,1,1,1,1,0,True
CALL0028866,2,1,1,1,1,1,1,1,1,1,1,0,True
CALL0028933,2,1,1,1,1,1,1,1,1,1,1,0,True
CALL0029008,2,1,1,1,1,1,1,1,1,1,1,0,True
CALL0029068,2,1,1,1,1,1,1,1,1,1,1,0,True
CALL0029078,2,1,1,1,1,1,1,1,1,1,1,0,True
CALL0029111,2,1,1,1,1,1,1,1,1,1,1,0,True
CALL0029131,2,1,1,1,1,1,1,1,1,1,1,0,True
CALL0029167,2,1,1,1,1,1,1,1,1,1,1,0,True
CALL0029171,2,1,1,1,1,1,1,1,1,1,1,0,True
CALL0029184,2,1,1,1,1,1,1,1,1,1,1,0,True
CALL0029218,2,1,1,1,1,1,1,1,1,1,1,0,True
CALL0029270,2,1,1,1,1,1,1,1,1,1,1,0,True
CALL0029310,2,1,1,1,1,1,1,1,1,1,1,0,True
CALL0029435,2,1,1,1,2,1,1,1,1,1,1,1,False
CALL0029474,2,1,1,1,1,1,1,1,1,1,1,0,True
CALL0029488,2,1,1,1,1,1,1,1,1,1,1,0,True
CALL0029501,2,1,1,1,1,1,1,1,1,1,1,0,True
CALL0029562,2,1,1,1,1,1,1,1,1,1,1,0,True
CALL0029601,2,1,1,1,1,1,1,1,1,1,1,0,True
CALL0029661,2,1,1,1,1,1,1,1,1,1,1,0,True
CALL0029868,2,1,1,1,1,1,1,1,1,1,1,0,True
CALL0029906,2,1,1,1,2,1,1,1,1,1,1,1,False
CALL0029940,2,1,1,1,1,1,1,1,1,1,1,0,True
CALL0030185,2,1,1,1,1,1,1,1,1,1,1,0,True
CALL0030226,2,1,1,1,1,1,1,1,1,1,1,0,True
CALL0030265,2,1,1,1,1,1,1,1,1,1,1,0,True
CALL0030348,2,1,1,1,2,1,1,1,1,1,1,1,False
CALL0030425,2,1,1,1,1,1,1,1,1,1,1,0,True
CALL0030492,2,1,1,1,1,1,1,1,1,1,1,0,True
CALL0030558,2,1,1,1,1,1,1,1,1,1,1,0,True
CALL0030584,2,1,1,1,1,1,1,1,1,1,1,0,True
CALL0030601,2,1,1,1,1,1,1,1,1,1,1,0,True
CALL0030627,2,1,1,1,1,1,1,1,1,1,1,0,True
CALL0030773,2,1,1,1,1,1,1,1,1,1,1,0,True
CALL0030864,2,1,1,1,1,1,1,1,1,1,1,0,True
CALL0031046,2,1,1,1,1,1,1,1,1,1,1,0,True
CALL0031094,2,1,1,1,1,1,1,1,1,1,1,0,True
CALL0031137,2,1,1,1,1,1,1,1,1,1,1,0,True
CALL0031258,2,1,1,1,1,1,1,1,1,1,1,0,True
CALL0031379,2,1,1,1,1,1,1,1,1,1,1,0,True
CALL0031421,2,1,1,1,1,1,1,1,1,1,1,0,True
CALL0031430,2,1,1,1,1,1,1,1,1,1,1,0,True
CALL0031482,2,1,1,1,1,1,1,1,1,1,1,0,True
CALL0031579,2,1,1,1,1,1,1,1,1,1,1,0,True
CALL0031598,2,1,1,1,1,1,1,1,1,1,1,0,True
CALL0031600,2,1,1,1,1,1,1,1,1,1,1,0,True
CALL0031650,2,1,1,1,1,1,1,1,1,1,1,0,True
CALL0031727,2,1,1,1,1,1,1,1,1,1,1,0,True
CALL0031741,2,1,1,1,1,1,1,1,1,1,1,0,True
CALL0031822,2,1,1,1,1,1,1,1,1,1,1,0,True
CALL0032025,2,1,1,1,1,1,1,1,1,1,1,0,True
CALL0032097,2,1,1,1,1,1,1,1,1,1,1,0,True
CALL0032136,2,1,1,1,1,1,1,1,1,1,1,0,True
CALL0032186,2,1,1,1,1,1,1,1,1,1,1,0,True
CALL0032341,2,1,1,1,1,1,1,1,1,1,1,0,True
CALL0032421,2,1,1,1,1,1,1,1,1,1,1,0,True
CALL0032459,2,1,1,1,1,1,1,1,1,1,1,0,True
CALL0032808,2,1,1,1,1,1,1,1,1,1,1,0,True
CALL0032964,2,1,1,1,1,1,1,1,1,1,1,0,True
CALL0033006,2,1,1,1,1,1,1,1,1,1,1,0,True
CALL0033050,2,1,1,1,1,1,1,1,1,1,1,0,True
CALL0033073,2,1,1,1,1,1,1,1,1,1,1,0,True
CALL0033087,2,1,1,1,1,1,1,1,1,1,1,0,True
CALL0033106,2,1,1,1,1,1,1,1,1,1,1,0,True
CALL0033129,2,1,1,1,2,1,1,1,1,1,1,1,False
CALL0033199,2,1,1,1,2,1,1,1,1,1,1,1,False
CALL0033244,2,1,1,1,1,1,1,1,1,1,1,0,True
CALL0033260,2,1,1,1,1,1,1,1,1,1,1,0,True
CALL0033411,2,1,1,1,1,1,1,1,1,1,1,0,True
CALL0033457,2,1,1,1,2,1,1,1,1,1,1,1,False
CALL0033577,2,1,1,1,1,1,1,1,1,1,1,0,True
CALL0033588,2,1,1,1,1,1,1,1,1,1,1,0,True
CALL0033658,2,1,1,1,1,1,1,1,1,1,1,0,True
CALL0033723,2,1,1,1,1,1,1,1,1,1,1,0,True
CALL0033807,2,1,1,1,1,1,1,1,1,1,1,0,True
CALL0033821,2,1,1,1,1,1,1,1,1,1,1,0,True
CALL0033880,2,1,1,1,1,1,1,1,1,1,1,0,True
CALL0033969,2,1,1,1,1,1,1,1,1,1,1,0,True
CALL0033971,2,1,1,1,1,1,1,1,1,1,1,0,True
CALL0034059,2,1,1,1,1,1,1,1,1,1,1,0,True
CALL0034136,2,1,1,1,1,1,1,1,1,1,1,0,True
CALL0034433,2,1,1,1,2,1,1,1,1,1,1,1,False
CALL0034612,2,1,1,1,1,1,1,1,1,1,1,0,True
CALL0034615,2,1,1,1,1,1,1,1,1,1,1,0,True
CALL0034733,2,1,1,1,1,1,1,1,1,1,1,0,True
CALL0034791,2,1,1,1,1,1,1,1,1,1,1,0,True
CALL0034799,2,1,1,1,1,1,1,1,1,1,1,0,True
CALL0034906,2,1,1,1,1,1,1,1,1,1,1,0,True
CALL0034934,2,1,1,1,1,1,1,1,1,1,1,0,True
CALL0034936,2,1,1,1,1,1,1,1,1,1,1,0,True
CALL0034958,2,1,1,1,1,1,1,1,1,1,1,0,True
CALL0034972,2,1,1,1,1,1,1,1,1,1,1,0,True
CALL0034977,2,1,1,1,1,1,1,1,1,1,1,0,True
CALL0035094,2,1,1,1,1,1,1,1,1,1,1,0,True
CALL0035180,2,1,1,1,1,1,1,1,1,1,1,0,True
CALL0035245,2,1,1,1,1,1,1,1,1,1,1,0,True
CALL0035322,2,1,1,1,1,1,1,1,1,1,1,0,True
CALL0035345,2,1,1,1,1,1,1,1,1,1,1,0,True
CALL0035367,2,1,1,1,1,1,1,1,1,1,1,0,True
CALL0035558,2,1,1,1,1,1,1,1,1,1,1,0,True
CALL0035611,2,1,1,1,1,1,1,1,1,1,1,0,True
CALL0035648,2,1,1,1,1,1,1,1,1,1,1,0,True
CALL0035857,2,1,1,1,1,1,1,1,1,1,1,0,True
CALL0035950,2,1,1,1,1,1,1,1,1,1,1,0,True
CALL0035972,2,1,1,1,1,1,1,1,1,1,1,0,True
CALL0035995,2,1,1,1,1,1,1,1,1,1,1,0,True
CALL0036059,2,1,1,1,1,1,1,1,1,1,1,0,True
CALL0036109,2,1,1,1,1,1,1,1,1,1,1,0,True
CALL0036417,2,1,1,1,1,1,1,1,1,1,1,0,True
CALL0036501,2,1,1,1,1,1,1,1,1,1,1,0,True
CALL0036541,2,1,1,1,1,1,1,1,1,1,1,0,True
CALL0036570,2,1,1,1,1,1,1,1,1,1,1,0,True
CALL0036607,2,1,1,1,1,1,1,1,1,1,1,0,True
CALL0036632,2,1,1,1,1,1,1,1,1,1,1,0,True
CALL0036655,2,1,1,1,1,1,1,1,1,1,1,0,True
CALL0036671,2,1,1,1,2,1,1,1,1,1,1,1,False
CALL0036676,2,1,1,1,1,1,1,1,1,1,1,0,True
CALL0036694,2,1,1,1,1,1,1,1,1,1,1,0,True
CALL0036772,2,1,1,1,1,1,1,1,1,1,1,0,True
CALL0036819,2,1,1,1,1,1,1,1,1,1,1,0,True
CALL0036854,2,1,1,1,1,1,1,1,1,1,1,0,True
CALL0036868,2,1,1,1,1,1,1,1,1,1,1,0,True
CALL0036971,2,1,1,1,1,1,1,1,1,1,1,0,True
CALL0037004,2,1,1,1,1,1,1,1,1,1,1,0,True
CALL0037031,2,1,1,1,1,1,1,1,1,1,1,0,True
CALL0037032,2,1,1,1,1,1,1,1,1,1,1,0,True
CALL0037106,2,1,1,1,1,1,1,1,1,1,1,0,True
CALL0037167,2,1,1,1,1,1,1,1,1,1,1,0,True
CALL0037173,2,1,1,1,1,1,1,1,1,1,1,0,True
CALL0037511,2,1,1,1,1,1,1,1,1,1,1,0,True
CALL0037521,2,1,1,1,1,1,1,1,1,1,1,0,True
CALL0037610,2,1,1,1,1,1,1,1,1,1,1,0,True
CALL0037631,2,1,1,1,1,1,1,1,1,1,1,0,True
CALL0037678,2,1,1,1,1,1,1,1,1,1,1,0,True
CALL0037704,2,1,1,1,1,1,1,1,1,1,1,0,True
CALL0037878,2,1,1,1,1,1,1,1,1,1,1,0,True
CALL0038080,2,1,1,1,1,1,1,1,1,1,1,0,True
CALL0038141,2,1,1,1,1,1,1,1,1,1,1,0,True
CALL0038158,2,1,1,1,1,1,1,1,1,1,1,0,True
CALL0038235,2,1,1,1,1,1,1,1,1,1,1,0,True
CALL0038254,2,1,1,1,1,1,1,1,1,1,1,0,True
CALL0038304,2,1,1,1,1,1,1,1,1,1,1,0,True
CALL0038333,2,1,1,1,1,1,1,1,1,1,1,0,True
CALL0038384,2,1,1,1,1,1,1,1,1,1,1,0,True
CALL0038441,2,1,1,1,1,1,1,1,1,1,1,0,True
CALL0038467,2,1,1,1,1,1,1,1,1,1,1,0,True
CALL0038517,2,1,1,1,1,1,1,1,1,1,1,0,True
CALL0038554,2,1,1,1,1,1,1,1,1,1,1,0,True
CALL0038721,2,1,1,1,1,1,1,1,1,1,1,0,True
CALL0038725,2,1,1,1,1,1,1,1,1,1,1,0,True
CALL0038842,2,1,1,1,1,1,1,1,1,1,1,0,True
CALL0038855,2,1,1,1,1,1,1,1,1,1,1,0,True
CALL0038994,2,1,1,1,1,1,1,1,1,1,1,0,True
CALL0039063,2,1,1,1,2,1,1,1,1,1,1,1,False
CALL0039099,2,1,1,1,1,1,1,1,1,1,1,0,True
CALL0039161,2,1,1,1,1,1,1,1,1,1,1,0,True
CALL0039227,2,1,1,1,1,1,1,1,1,1,1,0,True
CALL0039322,2,1,1,1,1,1,1,1,1,1,1,0,True
CALL0039353,2,1,1,1,1,1,1,1,1,1,1,0,True
CALL0039426,2,1,1,1,1,1,1,1,1,1,1,0,True
CALL0039451,2,1,1,1,1,1,1,1,1,1,1,0,True
CALL0039496,2,1,1,1,1,1,1,1,1,1,1,0,True
CALL0039572,2,1,1,1,1,1,1,1,1,1,1,0,True
CALL0039594,2,1,1,1,1,1,1,1,1,1,1,0,True
CALL0039631,2,1,1,1,1,1,1,1,1,1,1,0,True
CALL0039653,2,1,1,1,1,1,1,1,1,1,1,0,True
CALL0039684,2,1,1,1,1,1,1,1,1,1,1,0,True
CALL0039723,2,1,1,1,1,1,1,1,1,1,1,0,True
CALL0039807,2,1,1,1,1,1,1,1,1,1,1,0,True
CALL0039858,2,1,1,1,1,1,1,1,1,1,1,0,True
CALL0039875,2,1,1,1,1,1,1,1,1,1,1,0,True
CALL0039963,2,1,1,1,1,1,1,1,1,1,1,0,True
CALL0040132,2,1,1,1,1,1,1,1,1,1,1,0,True
CALL0040381,2,1,1,1,1,1,1,1,1,1,1,0,True
CALL0040463,2,1,1,1,1,1,1,1,1,1,1,0,True
CALL0040651,2,1,1,1,1,1,1,1,1,1,1,0,True
CALL0040655,2,1,1,1,1,1,1,1,1,1,1,0,True
CALL0040729,2,1,1,1,1,1,1,1,1,1,1,0,True
CALL0040766,2,1,1,1,1,1,1,1,1,1,1,0,True
CALL0040920,2,1,1,1,1,1,1,1,1,1,1,0,True
CALL0040973,2,1,1,1,1,1,1,1,1,1,1,0,True
CALL0041056,2,1,1,1,1,1,1,1,1,1,1,0,True
CALL0041143,2,1,1,1,1,1,1,1,1,1,1,0,True
CALL0041357,2,1,1,1,1,1,1,1,1,1,1,0,True
CALL0041506,2,1,1,1,1,1,1,1,1,1,1,0,True
CALL0041617,2,1,1,1,1,1,1,1,1,1,1,0,True
CALL0041628,2,1,1,1,1,1,1,1,1,1,1,0,True
CALL0041732,2,1,1,1,1,1,1,1,1,1,1,0,True
CALL0041749,2,1,1,1,2,1,1,1,1,1,1,1,False
CALL0041919,2,1,1,1,1,1,1,1,1,1,1,0,True
CALL0041948,2,1,1,1,1,1,1,1,1,1,1,0,True
CALL0042046,2,1,1,1,1,1,1,1,1,1,1,0,True
CALL0042090,2,1,1,1,1,1,1,1,1,1,1,0,True
CALL0042140,2,1,1,1,1,1,1,1,1,1,1,0,True
CALL0042144,2,1,1,1,1,1,1,1,1,1,1,0,True
CALL0042208,2,1,1,1,1,1,1,1,1,1,1,0,True
CALL0042374,2,1,1,1,1,1,1,1,1,1,1,0,True
CALL0042401,2,1,1,1,1,1,1,1,1,1,1,0,True
CALL0042420,2,1,1,1,1,1,1,1,1,1,1,0,True
CALL0042484,2,1,1,1,1,1,1,1,1,1,1,0,True
CALL0042551,2,1,1,1,1,1,1,1,1,1,1,0,True
CALL0042582,2,1,1,1,1,1,1,1,1,1,1,0,True
CALL0042623,2,1,1,1,1,1,1,1,1,1,1,0,True
CALL0042652,2,1,1,1,1,1,1,1,1,1,1,0,True
CALL0042665,2,1,1,1,1,1,1,1,1,1,1,0,True
CALL0042727,2,1,1,1,1,1,1,1,1,1,1,0,True
CALL0042848,2,1,1,1,1,1,1,1,1,1,1,0,True
CALL0042923,2,1,1,1,1,1,1,1,1,1,1,0,True
CALL0043067,2,1,1,1,1,1,1,1,1,1,1,0,True
CALL0043158,2,1,1,1,1,1,1,1,1,1,1,0,True
CALL0043230,2,1,1,1,2,1,1,1,1,1,1,1,False
CALL0043251,2,1,1,1,1,1,1,1,1,1,1,0,True
CALL0043349,2,1,1,1,2,1,1,1,1,1,1,1,False
CALL0043350,2,1,1,1,1,1,1,1,1,1,1,0,True
CALL0043379,2,1,1,1,1,1,1,1,1,1,1,0,True
CALL0043535,2,1,1,1,1,1,1,1,1,1,1,0,True
CALL0043564,2,1,1,1,1,1,1,1,1,1,1,0,True
CALL0043594,2,1,1,1,1,1,1,1,1,1,1,0,True
CALL0043612,2,1,1,1,1,1,1,1,1,1,1,0,True
CALL0043723,2,1,1,1,1,1,1,1,1,1,1,0,True
CALL0044054,2,1,1,1,1,1,1,1,1,1,1,0,True
CALL0044106,2,1,1,1,1,1,1,1,1,1,1,0,True
CALL0044122,2,1,1,1,1,1,1,1,1,1,1,0,True
CALL0044152,2,1,1,1,1,1,1,1,1,1,1,0,True
CALL0044209,2,1,1,1,1,1,1,1,1,1,1,0,True
CALL0044214,2,1,1,1,1,1,1,1,1,1,1,0,True
CALL0044319,2,1,1,1,1,1,1,1,1,1,1,0,True
CALL0044346,2,1,1,1,1,1,1,1,1,1,1,0,True
CALL0044472,2,1,1,1,1,1,1,1,1,1,1,0,True
CALL0044600,2,1,1,1,2,1,1,1,1,1,1,1,False
CALL0044641,2,1,1,1,1,1,1,1,1,1,1,0,True
CALL0044664,2,1,1,1,1,1,1,1,1,1,1,0,True
CALL0044978,2,1,1,1,1,1,1,1,1,1,1,0,True
CALL0045084,2,1,1,1,1,1,1,1,1,1,1,0,True
CALL0045157,2,1,1,1,1,1,1,1,1,1,1,0,True
CALL0045167,2,1,1,1,2,1,1,1,1,1,1,1,False
CALL0045244,2,1,1,1,2,1,1,1,1,1,1,1,False
CALL0045463,2,1,1,1,1,1,1,1,1,1,1,0,True
CALL0045495,2,1,1,1,1,1,1,1,1,1,1,0,True
CALL0045509,2,1,1,1,1,1,1,1,1,1,1,0,True
CALL0045536,2,1,1,1,1,1,1,1,1,1,1,0,True
CALL0045586,2,1,1,1,1,1,1,1,1,1,1,0,True
CALL0045608,2,1,1,1,1,1,1,1,1,1,1,0,True
CALL0045620,2,1,1,1,1,1,1,1,1,1,1,0,True
CALL0045621,2,1,1,1,1,1,1,1,1,1,1,0,True
CALL0045636,2,1,1,1,1,1,1,1,1,1,1,0,True
CALL0045770,2,1,1,1,1,1,1,1,1,1,1,0,True
CALL0045802,2,1,1,1,1,1,1,1,1,1,1,0,True
CALL0045824,2,1,1,1,1,1,1,1,1,1,1,0,True
CALL0045840,2,1,1,1,1,1,1,1,1,1,1,0,True
CALL0045925,2,1,1,1,1,1,1,1,1,1,1,0,True
CALL0045942,2,1,1,1,2,1,1,1,1,1,1,1,False
CALL0045952,2,1,1,1,1,1,1,1,1,1,1,0,True
CALL0046065,2,1,1,1,1,1,1,1,1,1,1,0,True
CALL0046131,2,1,1,1,1,1,1,1,1,1,1,0,True
CALL0046432,2,1,1,1,1,1,1,1,1,1,1,0,True
CALL0046434,2,1,1,1,1,1,1,1,1,1,1,0,True
CALL0046576,2,1,1,1,1,1,1,1,1,1,1,0,True
CALL0046578,2,1,1,1,1,1,1,1,1,1,1,0,True
CALL0046618,2,1,1,1,1,1,1,1,1,1,1,0,True
CALL0046666,2,1,1,1,1,1,1,1,1,1,1,0,True
CALL0046682,2,1,1,1,1,1,1,1,1,1,1,0,True
CALL0046706,2,1,1,1,1,1,1,1,1,1,1,0,True
CALL0046884,2,1,1,1,1,1,1,1,1,1,1,0,True
CALL0046914,2,1,1,1,1,1,1,1,1,1,1,0,True
CALL0046955,2,1,1,1,1,1,1,1,1,1,1,0,True
CALL0046974,2,1,1,1,1,1,1,1,1,1,1,0,True
CALL0046976,2,1,1,1,1,1,1,1,1,1,1,0,True
CALL0046988,2,1,1,1,1,1,1,1,1,1,1,0,True
CALL0047001,2,1,1,1,1,1,1,1,1,1,1,0,True
CALL0047097,2,1,1,1,1,1,1,1,1,1,1,0,True
CALL0047148,2,1,1,1,1,1,1,1,1,1,1,0,True
CALL0047193,2,1,1,1,1,1,1,1,1,1,1,0,True
CALL0047204,2,1,1,1,2,1,1,1,1,1,1,1,False
CALL0047290,2,1,1,1,1,1,1,1,1,1,1,0,True
CALL0047319,2,1,1,1,1,1,1,1,1,1,1,0,True
CALL0047430,2,1,1,1,1,1,1,1,1,1,1,0,True
CALL0047450,2,1,1,1,1,1,1,1,1,1,1,0,True
CALL0047561,2,1,1,1,1,1,1,1,1,1,1,0,True
CALL0047638,2,1,1,1,1,1,1,1,1,1,1,0,True
CALL0047641,2,1,1,1,1,1,1,1,1,1,1,0,True
CALL0047759,2,1,1,1,2,1,1,1,1,1,1,1,False
CALL0047910,2,1,1,1,1,1,1,1,1,1,1,0,True
CALL0047912,2,1,1,1,1,1,1,1,1,1,1,0,True
CALL0047931,2,1,1,1,1,1,1,1,1,1,1,0,True
CALL0047949,2,1,1,1,1,1,1,1,1,1,1,0,True
CALL0047971,2,1,1,1,1,1,1,1,1,1,1,0,True
CALL0048013,2,1,1,1,1,1,1,1,1,1,1,0,True
CALL0048134,2,1,1,1,1,1,1,1,1,1,1,0,True
CALL0048162,2,1,1,1,1,1,1,1,1,1,1,0,True
CALL0048211,2,1,1,1,1,1,1,1,1,1,1,0,True
CALL0048225,2,1,1,1,1,1,1,1,1,1,1,0,True
CALL0048254,2,1,1,1,1,1,1,1,1,1,1,0,True
CALL0048414,2,1,1,1,1,1,1,1,1,1,1,0,True
CALL0048440,2,1,1,1,1,1,1,1,1,1,1,0,True
CALL0048643,2,1,1,1,1,1,1,1,1,1,1,0,True
CALL0048672,2,1,1,1,1,1,1,1,1,1,1,0,True
CALL0048748,2,1,1,1,1,1,1,1,1,1,1,0,True
CALL0048855,2,1,1,1,1,1,1,1,1,1,1,0,True
CALL0048903,2,1,1,1,1,1,1,1,1,1,1,0,True
CALL0048930,2,1,1,1,1,1,1,1,1,1,1,0,True
CALL0048950,2,1,1,1,1,1,1,1,1,1,1,0,True
CALL0048980,2,1,1,1,1,1,1,1,1,1,1,0,True
CALL0049024,2,1,1,1,1,1,1,1,1,1,1,0,True
CALL0049118,2,1,1,1,1,1,1,1,1,1,1,0,True
CALL0049264,2,1,1,1,1,1,1,1,1,1,1,0,True
CALL0049267,2,1,1,1,1,1,1,1,1,1,1,0,True
CALL0049289,2,1,1,1,1,1,1,1,1,1,1,0,True
CALL0049346,2,1,1,1,1,1,1,1,1,1,1,0,True
CALL0049415,2,1,1,1,1,1,1,1,1,1,1,0,True
CALL0049430,2,1,1,1,1,1,1,1,1,1,1,0,True
CALL0049503,2,1,1,1,1,1,1,1,1,1,1,0,True
CALL0049531,2,1,1,1,1,1,1,1,1,1,1,0,True
CALL0049620,2,1,1,1,1,1,1,1,1,1,1,0,True
CALL0049654,2,1,1,1,1,1,1,1,1,1,1,0,True
CALL0049855,2,1,1,1,1,1,1,1,1,1,1,0,True
CALL0049968,2,1,1,1,1,1,1,1,1,1,1,0,True
CALL0050108,2,1,1,1,1,1,1,1,1,1,1,0,True
CALL0050172,2,1,1,1,1,1,1,1,1,1,1,0,True
CALL0050276,2,1,1,1,1,1,1,1,1,1,1,0,True
CALL0050317,2,1,1,1,1,1,1,1,1,1,1,0,True
CALL0050340,2,1,1,1,1,1,1,1,1,1,1,0,True
CALL0050381,2,1,1,1,1,1,1,1,1,1,1,0,True
CALL0050396,2,1,1,1,1,1,1,1,1,1,1,0,True
CALL0050424,2,1,1,1,1,1,1,1,1,1,1,0,True
CALL0050534,2,1,1,1,1,1,1,1,1,1,1,0,True
CALL0050654,2,1,1,1,1,1,1,1,1,1,1,0,True
CALL0050694,2,1,1,1,1,1,1,1,1,1,1,0,True
CALL0050704,2,1,1,1,1,1,1,1,1,1,1,0,True
CALL0050722,2,1,1,1,1,1,1,1,1,1,1,0,True
CALL0050723,2,1,1,1,1,1,1,1,1,1,1,0,True
CALL0050756,2,1,1,1,1,1,1,1,1,1,1,0,True
CALL0050776,2,1,1,1,1,1,1,1,1,1,1,0,True
CALL0050784,2,1,1,1,1,1,1,1,1,1,1,0,True
CALL0050785,2,1,1,1,1,1,1,1,1,1,1,0,True
CALL0050842,2,1,1,1,1,1,1,1,1,1,1,0,True
CALL0050937,2,1,1,1,1,1,1,1,1,1,1,0,True
CALL0050944,2,1,1,1,1,1,1,1,1,1,1,0,True
CALL0051413,2,1,1,1,1,1,1,1,1,1,1,0,True
CALL0051456,2,1,1,1,1,1,1,1,1,1,1,0,True
CALL0051616,2,1,1,1,1,1,1,1,1,1,1,0,True
CALL0051799,2,1,1,1,1,1,1,1,1,1,1,0,True
CALL0051817,2,1,1,1,2,1,1,1,1,1,1,1,False
CALL0051939,2,1,1,1,1,1,1,1,1,1,1,0,True
CALL0051940,2,1,1,1,1,1,1,1,1,1,1,0,True
CALL0051950,2,1,1,1,1,1,1,1,1,1,1,0,True
CALL0051967,2,1,1,1,1,1,1,1,1,1,1,0,True
CALL0051969,2,1,1,1,1,1,1,1,1,1,1,0,True
CALL0051979,2,1,1,1,2,1,1,1,1,1,1,1,False
CALL0052058,2,1,1,1,1,1,1,1,1,1,1,0,True
CALL0052104,2,1,1,1,1,1,1,1,1,1,1,0,True
CALL0052293,2,1,1,1,1,1,1,1,1,1,1,0,True
CALL0052376,2,1,1,1,1,1,1,1,1,1,1,0,True
CALL0052388,2,1,1,1,1,1,1,1,1,1,1,0,True
CALL0052470,2,1,1,1,1,1,1,1,1,1,1,0,True
CALL0052553,2,1,1,1,1,1,1,1,1,1,1,0,True
CALL0052575,2,1,1,1,1,1,1,1,1,1,1,0,True
CALL0052582,2,1,1,1,1,1,1,1,1,1,1,0,True
CALL0052590,2,1,1,1,1,1,1,1,1,1,1,0,True
CALL0052646,2,1,1,1,2,1,1,1,1,1,1,1,False
CALL0052717,2,1,1,1,2,1,1,1,1,1,1,1,False
CALL0052739,2,1,1,1,1,1,1,1,1,1,1,0,True
CALL0052748,2,1,1,1,2,1,1,1,1,1,1,1,False
CALL0052838,2,1,1,1,1,1,1,1,1,1,1,0,True
CALL0052945,2,1,1,1,1,1,1,1,1,1,1,0,True
CALL0052986,2,1,1,1,1,1,1,1,1,1,1,0,True
CALL0053003,2,1,1,1,1,1,1,1,1,1,1,0,True
CALL0053051,2,1,1,1,1,1,1,1,1,1,1,0,True
CALL0053072,2,1,1,1,1,1,1,1,1,1,1,0,True
CALL0053152,2,1,1,1,1,1,1,1,1,1,1,0,True
CALL0053221,2,1,1,1,1,1,1,1,1,1,1,0,True
CALL0053255,2,1,1,1,1,1,1,1,1,1,1,0,True
CALL0053294,2,1,1,1,1,1,1,1,1,1,1,0,True
CALL0053386,2,1,1,1,1,1,1,1,1,1,1,0,True
CALL0053466,2,1,1,1,1,1,1,1,1,1,1,0,True
CALL0053469,2,1,1,1,1,1,1,1,1,1,1,0,True
CALL0053822,2,1,1,1,1,1,1,1,1,1,1,0,True
CALL0053888,2,1,1,1,1,1,1,1,1,1,1,0,True
CALL0053939,2,1,1,1,1,1,1,1,1,1,1,0,True
CALL0054183,2,1,1,1,1,1,1,1,1,1,1,0,True
CALL0054213,2,1,1,1,1,1,1,1,1,1,1,0,True
CALL0054248,2,1,1,1,1,1,1,1,1,1,1,0,True
CALL0054276,2,1,1,1,1,1,1,1,1,1,1,0,True
CALL0054331,2,1,1,1,1,1,1,1,1,1,1,0,True
CALL0054347,2,1,1,1,1,1,1,1,1,1,1,0,True
CALL0054413,2,1,1,1,1,1,1,1,1,1,1,0,True
CALL0054426,2,1,1,1,2,1,1,1,1,1,1,1,False
CALL0054436,2,1,1,1,1,1,1,1,1,1,1,0,True
CALL0054437,2,1,1,1,1,1,1,1,1,1,1,0,True
CALL0054455,2,1,1,1,1,1,1,1,1,1,1,0,True
CALL0054481,2,1,1,1,1,1,1,1,1,1,1,0,True
CALL0054547,2,1,1,1,1,1,1,1,1,1,1,0,True
CALL0054554,2,1,1,1,1,1,1,1,1,1,1,0,True
CALL0054678,2,1,1,1,1,1,1,1,1,1,1,0,True
CALL0054690,2,1,1,1,1,1,1,1,1,1,1,0,True
CALL0054718,2,1,1,1,1,1,1,1,1,1,1,0,True
CALL0054902,2,1,1,1,1,1,1,1,1,1,1,0,True
CALL0054906,2,1,1,1,1,1,1,1,1,1,1,0,True
CALL0054982,2,1,1,1,1,1,1,1,1,1,1,0,True
CALL0055019,2,1,1,1,1,1,1,1,1,1,1,0,True
CALL0055038,2,1,1,1,1,1,1,1,1,1,1,0,True
CALL0055082,2,1,1,1,1,1,1,1,1,1,1,0,True
CALL0055097,2,1,1,1,1,1,1,1,1,1,1,0,True
CALL0055161,2,1,1,1,1,1,1,1,1,1,1,0,True
CALL0055392,2,1,1,1,1,1,1,1,1,1,1,0,True
CALL0055437,2,1,1,1,1,1,1,1,1,1,1,0,True
CALL0055442,2,1,1,1,1,1,1,1,1,1,1,0,True
CALL0055570,2,1,1,1,2,1,1,1,1,1,1,1,False
CALL0055627,2,1,1,1,1,1,1,1,1,1,1,0,True
CALL0055660,2,1,1,1,1,1,1,1,1,1,1,0,True
CALL0055678,2,1,1,1,1,1,1,1,1,1,1,0,True
CALL0055755,2,1,1,1,1,1,1,1,1,1,1,0,True
CALL0055773,2,1,1,1,1,1,1,1,1,1,1,0,True
CALL0055779,2,1,1,1,1,1,1,1,1,1,1,0,True
CALL0055790,2,1,1,1,1,1,1,1,1,1,1,0,True
CALL0055842,2,1,1,1,1,1,1,1,1,1,1,0,True
CALL0055871,2,1,1,1,1,1,1,1,1,1,1,0,True
CALL0055920,2,1,1,1,1,1,1,1,1,1,1,0,True
CALL0055922,2,1,1,1,1,1,1,1,1,1,1,0,True
CALL0055933,2,1,1,1,1,1,1,1,1,1,1,0,True
CALL0055998,2,1,1,1,1,1,1,1,1,1,1,0,True
CALL0056018,2,1,1,1,1,1,1,1,1,1,1,0,True
CALL0056062,2,1,1,1,1,1,1,1,1,1,1,0,True
CALL0056069,2,1,1,1,1,1,1,1,1,1,1,0,True
CALL0056249,2,1,1,1,1,1,1,1,1,1,1,0,True
CALL0056290,2,1,1,1,1,1,1,1,1,1,1,0,True
CALL0056337,2,1,1,1,1,1,1,1,1,1,1,0,True
CALL0056387,2,1,1,1,2,1,1,1,1,1,1,1,False
CALL0056414,2,1,1,1,1,1,1,1,1,1,1,0,True
CALL0056577,2,1,1,1,1,1,1,1,1,1,1,0,True
CALL0056697,2,1,1,2,1,1,1,1,1,1,1,1,False
CALL0056801,2,1,1,1,1,1,1,1,1,1,1,0,True
CALL0056822,2,1,1,1,1,1,1,1,1,1,1,0,True
CALL0056922,2,1,1,1,1,1,1,1,1,1,1,0,True
CALL0056941,2,1,1,1,1,1,1,1,1,1,1,0,True
CALL0057138,2,1,1,1,1,1,1,1,1,1,1,0,True
CALL0057155,2,1,1,1,1,1,1,1,1,1,1,0,True
CALL0057240,2,1,1,1,1,1,1,1,1,1,1,0,True
CALL0057287,2,1,1,1,1,1,1,1,1,1,1,0,True
CALL0057351,2,1,1,1,1,1,1,1,1,1,1,0,True
CALL0057362,2,1,1,1,1,1,1,1,1,1,1,0,True
CALL0057398,2,1,1,1,1,1,1,1,1,1,1,0,True
CALL0057542,2,1,1,1,1,1,1,1,1,1,1,0,True
CALL0057606,2,1,1,1,1,1,1,1,1,1,1,0,True
CALL0057683,2,1,1,1,1,1,1,1,1,1,1,0,True
CALL0057719,2,1,1,1,1,1,1,1,1,1,1,0,True
CALL0057944,2,1,1,1,1,1,1,1,1,1,1,0,True
CALL0057970,2,1,1,1,1,1,1,1,1,1,1,0,True
CALL0058120,2,1,1,1,1,1,1,1,1,1,1,0,True
CALL0058227,2,1,1,1,1,1,1,1,1,1,1,0,True
CALL0058304,2,1,1,1,1,1,1,1,1,1,1,0,True
CALL0058345,2,1,1,1,1,1,1,1,1,1,1,0,True
CALL0058479,2,1,1,1,1,1,1,1,1,1,1,0,True
CALL0058585,2,1,1,1,1,1,1,1,1,1,1,0,True
CALL0058668,2,1,1,1,1,1,1,1,1,1,1,0,True
CALL0058710,2,1,1,1,1,1,1,1,1,1,1,0,True
CALL0058819,2,1,1,1,1,1,1,1,1,1,1,0,True
CALL0059147,2,1,1,1,1,1,1,1,1,1,1,0,True
CALL0059260,2,1,1,1,1,1,1,1,1,1,1,0,True
CALL0059271,2,1,1,1,1,1,1,1,1,1,1,0,True
CALL0059373,2,1,1,1,1,1,1,1,1,1,1,0,True
CALL0059378,2,1,1,1,1,1,1,1,1,1,1,0,True
CALL0059442,2,1,1,2,1,1,1,1,1,1,1,1,False
CALL0059522,2,1,1,1,1,1,1,1,1,1,1,0,True
CALL0059560,2,1,1,1,1,1,1,1,1,1,1,0,True
CALL0059828,2,1,1,1,1,1,1,1,1,1,1,0,True
CALL0060096,2,1,1,1,1,1,1,1,1,1,1,0,True
CALL0060313,2,1,1,1,1,1,1,1,1,1,1,0,True
CALL0060480,2,1,1,1,1,1,1,1,1,1,1,0,True
CALL0060483,2,1,1,1,1,1,1,1,1,1,1,0,True
CALL0060524,2,1,1,1,1,1,1,1,1,1,1,0,True
CALL0060721,2,1,1,1,1,1,1,1,1,1,1,0,True
CALL0060775,2,1,1,1,1,1,1,1,1,1,1,0,True
CALL0060823,2,1,1,1,1,1,1,1,1,1,1,0,True
CALL0060858,2,1,1,1,1,1,1,1,1,1,1,0,True
CALL0060871,2,1,1,1,2,1,1,1,1,1,1,1,False
CALL0060890,2,1,1,1,1,1,1,1,1,1,1,0,True
CALL0060895,2,1,1,1,1,1,1,1,1,1,1,0,True
CALL0060923,2,1,1,1,1,1,1,1,1,1,1,0,True
CALL0060949,2,1,1,1,1,1,1,1,1,1,1,0,True
CALL0061046,2,1,1,1,1,1,1,1,1,1,1,0,True
CALL0061264,2,1,1,1,1,1,1,1,1,1,1,0,True
CALL0061380,2,1,1,1,1,1,1,1,1,1,1,0,True
CALL0061404,2,1,1,1,1,1,1,1,1,1,1,0,True
CALL0061467,2,1,1,1,1,1,1,1,1,1,1,0,True
CALL0061512,2,1,1,1,1,1,1,1,1,1,1,0,True
CALL0061515,2,1,1,1,1,1,1,1,1,1,1,0,True
CALL0061918,2,1,1,1,1,1,1,1,1,1,1,0,True
CALL0061981,2,1,1,1,1,1,1,1,1,1,1,0,True
CALL0061983,2,1,1,1,1,1,1,1,1,1,1,0,True
CALL0062020,2,1,1,1,1,1,1,1,1,1,1,0,True
CALL0062029,2,1,1,1,1,1,1,1,1,1,1,0,True
CALL0062034,2,1,1,1,1,1,1,1,1,1,1,0,True
CALL0062055,2,1,1,1,1,1,1,1,1,1,1,0,True
CALL0062075,2,1,1,1,1,1,1,1,1,1,1,0,True
CALL0062077,2,1,1,1,1,1,1,1,1,1,1,0,True
CALL0062090,2,1,1,1,1,1,1,1,1,1,1,0,True
CALL0062389,2,1,1,1,1,1,1,1,1,1,1,0,True
CALL0062477,2,1,1,1,1,1,1,1,1,1,1,0,True
CALL0062497,2,1,1,1,1,1,1,1,1,1,1,0,True
CALL0062547,2,1,1,1,1,1,1,1,1,1,1,0,True
CALL0062710,2,1,1,1,1,1,1,1,1,1,1,0,True
CALL0062727,2,1,1,1,2,1,1,1,1,1,1,1,False
CALL0062755,2,1,1,1,1,1,1,1,1,1,1,0,True
CALL0062780,2,1,1,1,2,1,1,1,1,1,1,1,False
CALL0062863,2,1,1,1,1,1,1,1,1,1,1,0,True
CALL0062993,2,1,1,1,1,1,1,1,1,1,1,0,True
CALL0063005,2,1,1,1,1,1,1,1,1,1,1,0,True
CALL0063131,2,1,1,1,1,1,1,1,1,1,1,0,True
CALL0063147,2,1,1,1,2,1,1,1,1,1,1,1,False
CALL0063245,2,1,1,1,1,1,1,1,1,1,1,0,True
CALL0063343,2,1,1,1,1,1,1,1,1,1,1,0,True
CALL0063390,2,1,1,1,1,1,1,1,1,1,1,0,True
CALL0063399,2,1,1,1,1,1,1,1,1,1,1,0,True
CALL0063472,2,1,1,1,1,1,1,1,1,1,1,0,True
CALL0063503,2,1,1,1,1,1,1,1,1,1,1,0,True
CALL0063537,2,1,1,1,1,1,1,1,1,1,1,0,True
CALL0063637,2,1,1,1,1,1,1,1,1,1,1,0,True
CALL0063660,2,1,1,2,1,1,1,1,1,1,1,1,False
CALL0063668,2,1,1,1,1,1,1,1,1,1,1,0,True
CALL0063792,2,1,1,1,1,1,1,1,1,1,1,0,True
CALL0063804,2,1,1,1,1,1,1,1,1,1,1,0,True
CALL0063898,2,1,1,1,1,1,1,1,1,1,1,0,True
CALL0064019,2,1,1,1,1,1,1,1,1,1,1,0,True
CALL0064035,2,1,1,1,1,1,1,1,1,1,1,0,True
CALL0064302,2,1,1,1,1,1,1,1,1,1,1,0,True
CALL0064355,2,1,1,1,1,1,1,1,1,1,1,0,True
CALL0064557,2,1,1,1,1,1,1,1,1,1,1,0,True
CALL0064588,2,1,1,1,1,1,1,1,1,1,1,0,True
CALL0064709,2,1,1,1,1,1,1,1,1,1,1,0,True
CALL0064727,2,1,1,1,1,1,1,1,1,1,1,0,True
CALL0064764,2,1,1,1,1,1,1,1,1,1,1,0,True
CALL0064807,2,1,1,1,1,1,1,1,1,1,1,0,True
CALL0065084,2,1,1,1,1,1,1,1,1,1,1,0,True
CALL0065119,2,1,1,1,1,1,1,1,1,1,1,0,True
CALL0065222,2,1,1,1,1,1,1,1,1,1,1,0,True
CALL0065331,2,1,1,1,1,1,1,1,1,1,1,0,True
CALL0065338,2,1,1,1,1,1,1,1,1,1,1,0,True
CALL0065365,2,1,1,1,1,1,1,1,1,1,1,0,True
CALL0065366,2,1,1,1,1,1,1,1,1,1,1,0,True
CALL0065431,2,1,1,1,1,1,1,1,1,1,1,0,True
CALL0065695,2,1,1,1,1,1,1,1,1,1,1,0,True
CALL0065717,2,1,1,1,1,1,1,1,1,1,1,0,True
CALL0065727,2,1,1,1,1,1,1,1,1,1,1,0,True
CALL0065766,2,1,1,1,1,1,1,1,1,1,1,0,True
CALL0065801,2,1,1,1,2,1,1,1,1,1,1,1,False
CALL0065894,2,1,1,1,1,1,1,1,1,1,1,0,True
CALL0065900,2,1,1,1,1,1,1,1,1,1,1,0,True
CALL0065942,2,1,1,1,1,1,1,1,1,1,1,0,True
CALL0065984,2,1,1,1,1,1,1,1,1,1,1,0,True
CALL0065991,2,1,1,1,1,1,1,1,1,1,1,0,True
CALL0066080,2,1,1,1,1,1,1,1,1,1,1,0,True
CALL0066194,2,1,1,1,1,1,1,1,1,1,1,0,True
CALL0066257,2,1,1,1,1,1,1,1,1,1,1,0,True
CALL0066299,2,1,1,1,1,1,1,1,1,1,1,0,True
CALL0066438,2,1,1,1,1,1,1,1,1,1,1,0,True
CALL0066507,2,1,1,1,2,1,1,1,1,1,1,1,False
CALL0066615,2,1,1,1,1,1,1,1,1,1,1,0,True
CALL0066874,2,1,1,1,1,1,1,1,1,1,1,0,True
CALL0066929,2,1,1,1,1,1,1,1,1,1,1,0,True
CALL0066936,2,1,1,1,1,1,1,1,1,1,1,0,True
CALL0067018,2,1,1,1,1,1,1,1,1,1,1,0,True
CALL0067020,2,1,1,1,1,1,1,1,1,1,1,0,True
CALL0067054,2,1,1,1,1,1,1,1,1,1,1,0,True
CALL0067247,2,1,1,1,1,1,1,1,1,1,1,0,True
CALL0067254,2,1,1,1,1,1,1,1,1,1,1,0,True
CALL0067311,2,1,1,1,2,1,1,1,1,1,1,1,False
CALL0067562,2,1,1,1,1,1,1,1,1,1,1,0,True
CALL0067702,2,1,1,1,1,1,1,1,1,1,1,0,True
CALL0067845,2,1,1,1,1,1,1,1,1,1,1,0,True
CALL0068030,2,1,1,1,1,1,1,1,1,1,1,0,True
CALL0068264,2,1,1,1,1,1,1,1,1,1,1,0,True
CALL0068368,2,1,1,1,1,1,1,1,1,1,1,0,True
CALL0068405,2,1,1,1,1,1,1,1,1,1,1,0,True
CALL0068474,2,1,1,1,1,1,1,1,1,1,1,0,True
CALL0068478,2,1,1,1,1,1,1,1,1,1,1,0,True
CALL0068517,2,1,1,1,1,1,1,1,1,1,1,0,True
CALL0068557,2,1,1,1,1,1,1,1,1,1,1,0,True
CALL0068747,2,1,1,1,1,1,1,1,1,1,1,0,True
CALL0068794,2,1,1,1,1,1,1,1,1,1,1,0,True
CALL0068893,2,1,1,1,1,1,1,1,1,1,1,0,True
CALL0068954,2,1,1,1,1,1,1,1,1,1,1,0,True
CALL0068963,2,1,1,1,1,1,1,1,1,1,1,0,True
CALL0068965,2,1,1,1,1,1,1,1,1,1,1,0,True
CALL0068983,2,1,1,1,1,1,1,1,1,1,1,0,True
CALL0069003,2,1,1,1,1,1,1,1,1,1,1,0,True
CALL0069062,2,1,1,1,1,1,1,1,1,1,1,0,True
CALL0069165,2,1,1,1,1,1,1,1,1,1,1,0,True
CALL0069181,2,1,1,1,1,1,1,1,1,1,1,0,True
CALL0069200,2,1,1,1,1,1,1,1,1,1,1,0,True
CALL0069276,2,1,1,1,1,1,1,1,1,1,1,0,True
CALL0069294,2,1,1,1,1,1,1,1,1,1,1,0,True
CALL0069364,2,1,1,1,1,1,1,1,1,1,1,0,True
CALL0069497,2,1,1,1,1,1,1,1,1,1,1,0,True
CALL0069513,2,1,1,1,2,1,1,1,1,1,1,1,False
CALL0069525,2,1,1,1,1,1,1,1,1,1,1,0,True
CALL0069539,2,1,1,1,1,1,1,1,1,1,1,0,True
CALL0069553,2,1,1,1,1,1,1,1,1,1,1,0,True
CALL0069557,2,1,1,1,1,1,1,1,1,1,1,0,True
CALL0069617,2,1,1,1,1,1,1,1,1,1,1,0,True
CALL0069693,2,1,1,1,1,1,1,1,1,1,1,0,True
CALL0069749,2,1,1,1,1,1,1,1,1,1,1,0,True
CALL0069750,2,1,1,1,1,1,1,1,1,1,1,0,True
CALL0069882,2,1,1,1,1,1,1,1,1,1,1,0,True
CALL0069887,2,1,1,1,1,1,1,1,1,1,1,0,True
CALL0069901,2,1,1,1,1,1,1,1,1,1,1,0,True
CALL0069913,2,1,1,1,1,1,1,1,1,1,1,0,True
CALL0069941,2,1,1,1,1,1,1,1,1,1,1,0,True
CALL0069968,2,1,1,1,1,1,1,1,1,1,1,0,True
CALL0070058,2,1,1,1,1,1,1,1,1,1,1,0,True
CALL0070155,2,1,1,1,1,1,1,1,1,1,1,0,True
CALL0070181,2,1,1,1,1,1,1,1,1,1,1,0,True
CALL0070211,2,1,1,1,1,1,1,1,1,1,1,0,True
CALL0070235,2,1,1,1,1,1,1,1,1,1,1,0,True
CALL0070240,2,1,1,1,1,1,1,1,1,1,1,0,True
CALL0070247,2,1,1,1,1,1,1,1,1,1,1,0,True
CALL0070346,2,1,1,1,2,1,1,1,1,1,1,1,False
CALL0070394,2,1,1,1,1,1,1,1,1,1,1,0,True
CALL0070402,2,1,1,1,1,1,1,1,1,1,1,0,True
CALL0070496,2,1,1,1,1,1,1,1,1,1,1,0,True
CALL0070568,2,1,1,1,1,1,1,1,1,1,1,0,True
CALL0070625,2,1,1,1,1,1,1,1,1,1,1,0,True
CALL0070642,2,1,1,1,1,1,1,1,1,1,1,0,True
CALL0070672,2,1,1,1,1,1,1,1,1,1,1,0,True
CALL0070677,2,1,1,1,1,1,1,1,1,1,1,0,True
CALL0070682,2,1,1,1,1,1,1,1,1,1,1,0,True
CALL0070697,2,1,1,1,1,1,1,1,1,1,1,0,True
CALL0070718,2,1,1,1,1,1,1,1,1,1,1,0,True
CALL0070797,2,1,1,1,1,1,1,1,1,1,1,0,True
CALL0070841,2,1,1,1,1,1,1,1,1,1,1,0,True
CALL0070935,2,1,1,1,1,1,1,1,1,1,1,0,True
CALL0071011,2,1,1,1,1,1,1,1,1,1,1,0,True
CALL0071019,2,1,1,1,1,1,1,1,1,1,1,0,True
CALL0071056,2,1,1,1,1,1,1,1,1,1,1,0,True
CALL0071117,2,1,1,1,1,1,1,1,1,1,1,0,True
CALL0071124,2,1,1,1,1,1,1,1,1,1,1,0,True
CALL0071234,2,1,1,1,1,1,1,1,1,1,1,0,True
CALL0071271,2,1,1,1,1,1,1,1,1,1,1,0,True
CALL0071278,2,1,1,1,1,1,1,1,1,1,1,0,True
CALL0071592,2,1,1,1,2,1,1,1,1,1,1,1,False
CALL0071601,2,1,1,1,1,1,1,1,1,1,1,0,True
CALL0071612,2,1,1,1,1,1,1,1,1,1,1,0,True
CALL0071688,2,1,1,1,1,1,1,1,1,1,1,0,True
CALL0071745,2,1,1,1,1,1,1,1,1,1,1,0,True
CALL0071789,2,1,1,1,1,1,1,1,1,1,1,0,True
CALL0071952,2,1,1,1,1,1,1,1,1,1,1,0,True
CALL0072023,2,1,1,1,1,1,1,1,1,1,1,0,True
CALL0072040,2,1,1,1,1,1,1,1,1,1,1,0,True
CALL0072045,2,1,1,1,1,1,1,1,1,1,1,0,True
CALL0072098,2,1,1,1,1,1,1,1,1,1,1,0,True
CALL0072148,2,1,1,1,1,1,1,1,1,1,1,0,True
CALL0072205,2,1,1,1,1,1,1,1,1,1,1,0,True
CALL0072225,2,1,1,1,1,1,1,1,1,1,1,0,True
CALL0072301,2,1,1,1,1,1,1,1,1,1,1,0,True
CALL0072440,2,1,1,1,1,1,1,1,1,1,1,0,True
CALL0072451,2,1,1,1,1,1,1,1,1,1,1,0,True
CALL0072589,2,1,1,1,1,1,1,1,1,1,1,0,True
CALL0072627,2,1,1,1,1,1,1,1,1,1,1,0,True
CALL0072819,2,1,1,1,1,1,1,1,1,1,1,0,True
CALL0072922,2,1,1,1,1,1,1,1,1,1,1,0,True
CALL0072964,2,1,1,1,1,1,1,1,1,1,1,0,True
CALL0073113,2,1,1,1,1,1,1,1,1,1,1,0,True
CALL0073258,2,1,1,1,1,1,1,1,1,1,1,0,True
CALL0073270,2,1,1,1,1,1,1,1,1,1,1,0,True
CALL0073442,2,1,1,1,1,1,1,1,1,1,1,0,True
CALL0073480,2,1,1,1,1,1,1,1,1,1,1,0,True
CALL0073527,2,1,1,1,1,1,1,1,1,1,1,0,True
CALL0073528,2,1,1,1,1,1,1,1,1,1,1,0,True
CALL0073540,2,1,1,1,1,1,1,1,1,1,1,0,True
CALL0073581,2,1,1,1,1,1,1,1,1,1,1,0,True
CALL0073657,2,1,1,1,1,1,1,1,1,1,1,0,True
CALL0073737,2,1,1,1,1,1,1,1,1,1,1,0,True
CALL0073769,2,1,1,1,1,1,1,1,1,1,1,0,True
CALL0073773,2,1,1,1,1,1,1,1,1,1,1,0,True
CALL0073811,2,1,1,1,1,1,1,1,1,1,1,0,True
CALL0073836,2,1,1,1,1,1,1,1,1,1,1,0,True
CALL0073851,2,1,1,1,1,1,1,1,1,1,1,0,True
CALL0073856,2,1,1,1,1,1,1,1,1,1,1,0,True
CALL0073974,2,1,1,1,1,1,1,1,1,1,1,0,True
CALL0074036,2,1,1,1,1,1,1,1,1,1,1,0,True
CALL0074057,2,1,1,1,1,1,1,1,1,1,1,0,True
CALL0074112,2,1,1,1,1,1,1,1,1,1,1,0,True
CALL0074137,2,1,1,1,1,1,1,1,1,1,1,0,True
CALL0074158,2,1,1,1,1,1,1,1,1,1,1,0,True
CALL0074433,2,1,1,1,1,1,1,1,1,1,1,0,True
CALL0074548,2,1,1,1,1,1,1,1,1,1,1,0,True
CALL0074573,2,1,1,1,1,1,1,1,1,1,1,0,True
CALL0074627,2,1,1,1,1,1,1,1,1,1,1,0,True
CALL0074725,2,1,1,1,1,1,1,1,1,1,1,0,True
CALL0074790,2,1,1,1,1,1,1,1,1,1,1,0,True
CALL0074877,2,1,1,1,1,1,1,1,1,1,1,0,True
CALL0075007,2,1,1,1,1,1,1,1,1,1,1,0,True
CALL0075023,2,1,1,1,1,1,1,1,1,1,1,0,True
CALL0075097,2,1,1,1,1,1,1,1,1,1,1,0,True
CALL0075129,2,1,1,1,1,1,1,1,1,1,1,0,True
CALL0075130,2,1,1,1,1,1,1,1,1,1,1,0,True
CALL0075147,2,1,1,1,1,1,1,1,1,1,1,0,True
CALL0075160,2,1,1,1,1,1,1,1,1,1,1,0,True
CALL0075214,2,1,1,1,1,1,1,1,1,1,1,0,True
CALL0075227,2,1,1,1,1,1,1,1,1,1,1,0,True
CALL0075296,2,1,1,1,1,1,1,1,1,1,1,0,True
CALL0075357,2,1,1,1,1,1,1,1,1,1,1,0,True
CALL0075390,2,1,1,1,1,1,1,1,1,1,1,0,True
CALL0075418,2,1,1,1,1,1,1,1,1,1,1,0,True
CALL0075492,2,1,1,1,1,1,1,1,1,1,1,0,True
CALL0075640,2,1,1,1,2,1,1,1,1,1,1,1,False
CALL0075696,2,1,1,1,1,1,1,1,1,1,1,0,True
CALL0075827,2,1,1,1,1,1,1,1,1,1,1,0,True
CALL0075838,2,1,1,1,1,1,1,1,1,1,1,0,True
CALL0075899,2,1,1,1,1,1,1,1,1,1,1,0,True
CALL0075941,2,1,1,1,1,1,1,1,1,1,1,0,True
CALL0075943,2,1,1,1,1,1,1,1,1,1,1,0,True
CALL0075946,2,1,1,1,1,1,1,1,1,1,1,0,True
CALL0075993,2,1,1,1,1,1,1,1,1,1,1,0,True
CALL0076028,2,1,1,1,1,1,1,1,1,1,1,0,True
CALL0076121,2,1,1,1,1,1,1,1,1,1,1,0,True
CALL0076303,2,1,1,2,1,1,1,1,1,1,1,1,False
CALL0076316,2,1,1,1,1,1,1,1,1,1,1,0,True
CALL0076420,2,1,1,1,1,1,1,1,1,1,1,0,True
CALL0076516,2,1,1,1,1,1,1,1,1,1,1,0,True
CALL0076572,2,1,1,1,1,1,1,1,1,1,1,0,True
CALL0076573,2,1,1,1,2,1,1,1,1,1,1,1,False
CALL0076635,2,1,1,1,1,1,1,1,1,1,1,0,True
CALL0076641,2,1,1,1,1,1,1,1,1,1,1,0,True
CALL0076711,2,1,1,1,1,1,1,1,1,1,1,0,True
CALL0076841,2,1,1,1,2,1,1,1,1,1,1,1,False
CALL0076860,2,1,1,1,1,1,1,1,1,1,1,0,True
CALL0077041,2,1,1,1,1,1,1,1,1,1,1,0,True
CALL0077078,2,1,1,2,1,1,1,1,1,1,1,1,False
CALL0077110,2,1,1,1,1,1,1,1,1,1,1,0,True
CALL0077143,2,1,1,1,1,1,1,1,1,1,1,0,True
CALL0077155,2,1,1,1,1,1,1,1,1,1,1,0,True
CALL0077161,2,1,1,1,1,1,1,1,1,1,1,0,True
CALL0077189,2,1,1,1,1,1,1,1,1,1,1,0,True
CALL0077246,2,1,1,1,1,1,1,1,1,1,1,0,True
CALL0077248,2,1,1,1,1,1,1,1,1,1,1,0,True
CALL0077270,2,1,1,1,2,1,1,1,1,1,1,1,False
CALL0077314,2,1,1,1,1,1,1,1,1,1,1,0,True
CALL0077404,2,1,1,1,1,1,1,1,1,1,1,0,True
CALL0077440,2,1,1,1,1,1,1,1,1,1,1,0,True
CALL0077481,2,1,1,1,1,1,1,1,1,1,1,0,True
CALL0077497,2,1,1,1,1,1,1,1,1,1,1,0,True
CALL0077599,2,1,1,1,1,1,1,1,1,1,1,0,True
CALL0077661,2,1,1,1,1,1,1,1,1,1,1,0,True
CALL0077807,2,1,1,1,1,1,1,1,1,1,1,0,True
CALL0077836,2,1,1,1,1,1,1,1,1,1,1,0,True
CALL0077870,2,1,1,1,1,1,1,1,1,1,1,0,True
CALL0078191,2,1,1,1,1,1,1,1,1,1,1,0,True
CALL0078315,2,1,1,1,1,1,1,1,1,1,1,0,True
CALL0078427,2,1,1,1,1,1,1,1,1,1,1,0,True
CALL0078481,2,1,1,1,1,1,1,1,1,1,1,0,True
CALL0078917,2,1,1,1,1,1,1,1,1,1,1,0,True
CALL0078964,2,1,1,1,1,1,1,1,1,1,1,0,True
CALL0079022,2,1,1,1,1,1,1,1,1,1,1,0,True
CALL0079063,2,1,1,2,1,1,1,1,1,1,1,1,False
CALL0079088,2,1,1,1,2,1,1,1,1,1,1,1,False
CALL0079095,2,1,1,1,1,1,1,1,1,1,1,0,True
CALL0079209,2,1,1,1,1,1,1,1,1,1,1,0,True
CALL0079302,2,1,1,1,1,1,1,1,1,1,1,0,True
CALL0079328,2,1,1,1,1,1,1,1,1,1,1,0,True
CALL0079477,2,1,1,1,1,1,1,1,1,1,1,0,True
CALL0079487,2,1,1,1,1,1,1,1,1,1,1,0,True
CALL0079497,2,1,1,1,1,1,1,1,1,1,1,0,True
CALL0079510,2,1,1,1,1,1,1,1,1,1,1,0,True
CALL0079654,2,1,1,1,1,1,1,1,1,1,1,0,True
CALL0079663,2,1,1,1,1,1,1,1,1,1,1,0,True
CALL0079761,2,1,1,1,1,1,1,1,1,1,1,0,True
CALL0079886,2,1,1,1,1,1,1,1,1,1,1,0,True
CALL0079993,2,1,1,1,1,1,1,1,1,1,1,0,True
CALL0080135,2,1,1,1,1,1,1,1,1,1,1,0,True
CALL0080181,2,1,1,1,1,1,1,1,1,1,1,0,True
CALL0080293,2,1,1,1,1,1,1,1,1,1,1,0,True
CALL0080341,2,1,1,1,1,1,1,1,1,1,1,0,True
CALL0080370,2,1,1,1,1,1,1,1,1,1,1,0,True
CALL0080411,2,1,1,1,1,1,1,1,1,1,1,0,True
CALL0080502,2,1,1,1,1,1,1,1,1,1,1,0,True
CALL0080518,2,1,1,1,1,1,1,1,1,1,1,0,True
CALL0080780,2,1,1,1,1,1,1,1,1,1,1,0,True
CALL0080829,2,1,1,1,1,1,1,1,1,1,1,0,True
CALL0080831,2,1,1,1,1,1,1,1,1,1,1,0,True
CALL0081001,2,1,1,1,1,1,1,1,1,1,1,0,True
CALL0081010,2,1,1,1,1,1,1,1,1,1,1,0,True
CALL0081039,2,1,1,1,1,1,1,1,1,1,1,0,True
CALL0081049,2,1,1,1,1,1,1,1,1,1,1,0,True
CALL0081064,2,1,1,1,1,1,1,1,1,1,1,0,True
CALL0081150,2,1,1,1,1,1,1,1,1,1,1,0,True
CALL0081237,2,1,1,1,1,1,1,1,1,1,1,0,True
CALL0081282,2,1,1,1,1,1,1,1,1,1,1,0,True
CALL0081402,2,1,1,1,1,1,1,1,1,1,1,0,True
CALL0081463,2,1,1,1,1,1,1,1,1,1,1,0,True
CALL0081466,2,1,1,2,1,1,1,1,1,1,1,1,False
CALL0081502,2,1,1,1,1,1,1,1,1,1,1,0,True
CALL0081576,2,1,1,1,1,1,1,1,1,1,1,0,True
CALL0081608,2,1,1,1,1,1,1,1,1,1,1,0,True
CALL0081702,2,1,1,1,1,1,1,1,1,1,1,0,True
CALL0081737,2,1,1,1,1,1,1,1,1,1,1,0,True
CALL0081849,2,1,1,1,1,1,1,1,1,1,1,0,True
CALL0081855,2,1,1,1,1,1,1,1,1,1,1,0,True
CALL0081992,2,1,1,1,1,1,1,1,1,1,1,0,True
CALL0082023,2,1,1,1,1,1,1,1,1,1,1,0,True
CALL0082054,2,1,1,1,1,1,1,1,1,1,1,0,True
CALL0082089,2,1,1,1,1,1,1,1,1,1,1,0,True
CALL0082156,2,1,1,1,1,1,1,1,1,1,1,0,True
CALL0082181,2,1,1,1,1,1,1,1,1,1,1,0,True
CALL0082200,2,1,1,1,1,1,1,1,1,1,1,0,True
CALL0082253,2,1,1,1,1,1,1,1,1,1,1,0,True
CALL0082307,2,1,1,1,1,1,1,1,1,1,1,0,True
CALL0082332,2,1,1,1,1,1,1,1,1,1,1,0,True
CALL0082367,2,1,1,1,1,1,1,1,1,1,1,0,True
CALL0082397,2,1,1,1,1,1,1,1,1,1,1,0,True
CALL0082427,2,1,1,1,1,1,1,1,1,1,1,0,True
CALL0082510,2,1,1,1,1,1,1,1,1,1,1,0,True
CALL0082578,2,1,1,1,1,1,1,1,1,1,1,0,True
CALL0082652,2,1,1,1,1,1,1,1,1,1,1,0,True
CALL0082654,2,1,1,1,1,1,1,1,1,1,1,0,True
CALL0082722,2,1,1,1,1,1,1,1,1,1,1,0,True
CALL0082727,2,1,1,1,1,1,1,1,1,1,1,0,True
CALL0082771,2,1,1,1,1,1,1,1,1,1,1,0,True
CALL0082874,2,1,1,1,1,1,1,1,1,1,1,0,True
CALL0083058,2,1,1,1,1,1,1,1,1,1,1,0,True
CALL0083067,2,1,1,1,1,1,1,1,1,1,1,0,True
CALL0083147,2,1,1,1,1,1,1,1,1,1,1,0,True
CALL0083150,2,1,1,1,1,1,1,1,1,1,1,0,True
CALL0083268,2,1,1,1,1,1,1,1,1,1,1,0,True
CALL0083319,2,1,1,1,1,1,1,1,1,1,1,0,True
CALL0083333,2,1,1,1,1,1,1,1,1,1,1,0,True
CALL0083340,2,1,1,1,1,1,1,1,1,1,1,0,True
CALL0083388,2,1,1,1,1,1,1,1,1,1,1,0,True
CALL0083476,2,1,1,1,1,1,1,1,1,1,1,0,True
CALL0083555,2,1,1,1,1,1,1,1,1,1,1,0,True
CALL0083615,2,1,1,1,1,1,1,1,1,1,1,0,True
CALL0083689,2,1,1,1,1,1,1,1,1,1,1,0,True
CALL0083771,2,1,1,1,1,1,1,1,1,1,1,0,True
CALL0083788,2,1,1,1,1,1,1,1,1,1,1,0,True
CALL0083809,2,1,1,1,1,1,1,1,1,1,1,0,True
CALL0083811,2,1,1,1,1,1,1,1,1,1,1,0,True
CALL0083824,2,1,1,1,1,1,1,1,1,1,1,0,True
CALL0083863,2,1,1,1,1,1,1,1,1,1,1,0,True
CALL0083925,2,1,1,1,2,1,1,1,1,1,1,1,False
CALL0084063,2,1,1,1,1,1,1,1,1,1,1,0,True
CALL0084135,2,1,1,1,1,1,1,1,1,1,1,0,True
CALL0084208,2,1,1,1,1,1,1,1,1,1,1,0,True
CALL0084250,2,1,1,1,1,1,1,1,1,1,1,0,True
CALL0084405,2,1,1,1,1,1,1,1,1,1,1,0,True
CALL0084473,2,1,1,1,1,1,1,1,1,1,1,0,True
CALL0084479,2,1,1,1,1,1,1,1,1,1,1,0,True
CALL0084494,2,1,1,1,1,1,1,1,1,1,1,0,True
CALL0084509,2,1,1,1,1,1,1,1,1,1,1,0,True
CALL0084515,2,1,1,1,1,1,1,1,1,1,1,0,True
CALL0084550,2,1,1,1,1,1,1,1,1,1,1,0,True
CALL0084576,2,1,1,1,2,1,1,1,1,1,1,1,False
CALL0084662,2,1,1,1,1,1,1,1,1,1,1,0,True
CALL0084836,2,1,1,1,1,1,1,1,1,1,1,0,True
CALL0084843,2,1,1,1,1,1,1,1,1,1,1,0,True
CALL0084952,2,1,1,1,1,1,1,1,1,1,1,0,True
CALL0084993,2,1,1,1,1,1,1,1,1,1,1,0,True
CALL0085213,2,1,1,1,2,1,1,1,1,1,1,1,False
CALL0085265,2,1,1,1,2,1,1,1,1,1,1,1,False
CALL0085275,2,1,1,1,1,1,1,1,1,1,1,0,True
CALL0085302,2,1,1,1,1,1,1,1,1,1,1,0,True
CALL0085361,2,1,1,1,1,1,1,1,1,1,1,0,True
CALL0085371,2,1,1,1,1,1,1,1,1,1,1,0,True
CALL0085385,2,1,1,1,1,1,1,1,1,1,1,0,True
CALL0085401,2,1,1,1,1,1,1,1,1,1,1,0,True
CALL0085461,2,1,1,1,1,1,1,1,1,1,1,0,True
CALL0085501,2,1,1,1,1,1,1,1,1,1,1,0,True
CALL0085590,2,1,1,1,2,1,1,1,1,1,1,1,False
CALL0085600,2,1,1,1,1,1,1,1,1,1,1,0,True
CALL0085674,2,1,1,1,1,1,1,1,1,1,1,0,True
CALL0085691,2,1,1,1,1,1,1,1,1,1,1,0,True
CALL0085752,2,1,1,1,1,1,1,1,1,1,1,0,True
CALL0085780,2,1,1,1,1,1,1,1,1,1,1,0,True
CALL0085840,2,1,1,1,1,1,1,1,1,1,1,0,True
CALL0085843,2,1,1,1,1,1,1,1,1,1,1,0,True
CALL0086313,2,1,1,1,1,1,1,1,1,1,1,0,True
CALL0086317,2,1,1,1,1,1,1,1,1,1,1,0,True
CALL0086364,2,1,1,1,1,1,1,1,1,1,1,0,True
CALL0086470,2,1,1,1,1,1,1,1,1,1,1,0,True
CALL0086474,2,1,1,1,1,1,1,1,1,1,1,0,True
CALL0086481,2,1,1,1,1,1,1,1,1,1,1,0,True
CALL0086482,2,1,1,1,1,1,1,1,1,1,1,0,True
CALL0086516,2,1,1,1,1,1,1,1,1,1,1,0,True
CALL0086555,2,1,1,1,1,1,1,1,1,1,1,0,True
CALL0086635,2,1,1,1,1,1,1,1,1,1,1,0,True
CALL0086710,2,1,1,1,1,1,1,1,1,1,1,0,True
CALL0086717,2,1,1,1,1,1,1,1,1,1,1,0,True
CALL0086768,2,1,1,1,1,1,1,1,1,1,1,0,True
CALL0086795,2,1,1,1,1,1,1,1,1,1,1,0,True
CALL0086799,2,1,1,1,1,1,1,1,1,1,1,0,True
CALL0086817,2,1,1,1,1,1,1,1,1,1,1,0,True
CALL0086891,2,1,1,1,1,1,1,1,1,1,1,0,True
CALL0087134,2,1,1,1,1,1,1,1,1,1,1,0,True
CALL0087176,2,1,1,1,1,1,1,1,1,1,1,0,True
CALL0087186,2,1,1,1,1,1,1,1,1,1,1,0,True
CALL0087188,2,1,1,1,1,1,1,1,1,1,1,0,True
CALL0087197,2,1,1,1,1,1,1,1,1,1,1,0,True
CALL0087283,2,1,1,1,1,1,1,1,1,1,1,0,True
CALL0087321,2,1,1,1,1,1,1,1,1,1,1,0,True
CALL0087458,2,1,1,1,1,1,1,1,1,1,1,0,True
CALL0087502,2,1,1,1,1,1,1,1,1,1,1,0,True
CALL0087600,2,1,1,1,1,1,1,1,1,1,1,0,True
CALL0087621,2,1,1,1,1,1,1,1,1,1,1,0,True
CALL0087626,2,1,1,1,1,1,1,1,1,1,1,0,True
CALL0087668,2,1,1,1,1,1,1,1,1,1,1,0,True
CALL0087769,2,1,1,1,2,1,1,1,1,1,1,1,False
CALL0087872,2,1,1,1,1,1,1,1,1,1,1,0,True
CALL0087945,2,1,1,1,1,1,1,1,1,1,1,0,True
CALL0088072,2,1,1,1,1,1,1,1,1,1,1,0,True
CALL0088084,2,1,1,1,1,1,1,1,1,1,1,0,True
CALL0088126,2,1,1,1,1,1,1,1,1,1,1,0,True
CALL0088185,2,1,1,1,1,1,1,1,1,1,1,0,True
CALL0088208,2,1,1,1,1,1,1,1,1,1,1,0,True
CALL0088280,2,1,1,1,1,1,1,1,1,1,1,0,True
CALL0088389,2,1,1,1,1,1,1,1,1,1,1,0,True
CALL0088505,2,1,1,1,1,1,1,1,1,1,1,0,True
CALL0088587,2,1,1,1,1,1,1,1,1,1,1,0,True
CALL0088615,2,1,1,1,1,1,1,1,1,1,1,0,True
CALL0088632,2,1,1,1,1,1,1,1,1,1,1,0,True
CALL0088670,2,1,1,1,1,1,1,1,1,1,1,0,True
CALL0088686,2,1,1,1,1,1,1,1,1,1,1,0,True
CALL0088772,2,1,1,1,1,1,1,1,1,1,1,0,True
CALL0088806,2,1,1,1,1,1,1,1,1,1,1,0,True
CALL0088907,2,1,1,1,1,1,1,1,1,1,1,0,True
CALL0088987,2,1,1,1,1,1,1,1,1,1,1,0,True
CALL0088992,2,1,1,1,1,1,1,1,1,1,1,0,True
CALL0089006,2,1,1,1,1,1,1,1,1,1,1,0,True
CALL0089045,2,1,1,1,1,1,1,1,1,1,1,0,True
CALL0089090,2,1,1,1,1,1,1,1,1,1,1,0,True
CALL0089164,2,1,1,1,1,1,1,1,1,1,1,0,True
CALL0089186,2,1,1,1,1,1,1,1,1,1,1,0,True
CALL0089194,2,1,1,1,1,1,1,1,1,1,1,0,True
CALL0089239,2,1,1,1,1,1,1,1,1,1,1,0,True
CALL0089385,2,1,1,1,1,1,1,1,1,1,1,0,True
CALL0089386,2,1,1,1,1,1,1,1,1,1,1,0,True
CALL0089394,2,1,1,1,1,1,1,1,1,1,1,0,True
CALL0089544,2,1,1,1,1,1,1,1,1,1,1,0,True
CALL0089739,2,1,1,1,1,1,1,1,1,1,1,0,True
CALL0089992,2,1,1,1,1,1,1,1,1,1,1,0,True
