campaign_id,campaign_name,channel,strategy_version,call_volume,answered_calls,unique_accounts,accounts_with_successful_payment,successful_payment_amount,answer_rate_pct,payment_account_rate_pct,payment_per_call
CMP0000006,BOUNCE,MIXED,legacy,750,149,740,354,37686789.589999996,19.866666666666667,47.83783783783784,50249.05278666666
CMP0000036,30DPD_W1,SMS,v1,792,172,781,366,37448151.55,21.71717171717172,46.86299615877081,47283.01963383838
CMP0000116,DIGITAL_FOLLOWUP,VOICE,v1,816,162,804,386,36874603.9,19.852941176470587,48.00995024875622,45189.46556372549
CMP0000055,BOUNCE,MIXED,v3,756,148,750,340,36718583.36,19.576719576719576,45.33333333333333,48569.55470899471
CMP0000100,BOUNCE,WHATSAPP,v3,792,148,785,359,36547359.96,18.68686868686869,45.732484076433124,46145.65651515152
CMP0000112,60DPD_INTENT,MIXED,v3,784,171,776,339,36134241.83,21.81122448979592,43.68556701030928,46089.59417091837
CMP0000072,30DPD_W1,WHATSAPP,v2,790,154,777,359,36093921.4,19.49367088607595,46.2033462033462,45688.50810126582
CMP0000098,DIGITAL_FOLLOWUP,WHATSAPP,legacy,773,156,768,369,35952701.9,20.18111254851229,48.046875,46510.61047865459
CMP0000114,60DPD_INTENT,SMS,legacy,822,163,805,379,35890700.27,19.829683698296837,47.08074534161491,43662.65239659368
CMP0000019,NPA_RECOVERY,WHATSAPP,v1,763,149,748,352,35635736.99,19.528178243774576,47.05882352941176,46704.76669724771
CMP0000052,BOUNCE,SMS,v2,754,153,747,336,35518643.03,20.291777188328915,44.97991967871486,47106.95362068966
CMP0000086,DIGITAL_FOLLOWUP,SMS,v3,788,157,778,366,35103449.46,19.923857868020303,47.04370179948586,44547.52469543147
CMP0000092,NPA_RECOVERY,SMS,v3,807,156,796,353,35074753.89,19.33085501858736,44.346733668341706,43463.13988847584
CMP0000093,60DPD_INTENT,SMS,legacy,747,161,733,349,34945696.24,21.5528781793842,47.61255115961801,46781.3872021419
CMP0000040,DIGITAL_FOLLOWUP,FIELD,v1,771,139,765,357,34931637.09,18.028534370946822,46.666666666666664,45306.92229571985
CMP0000115,BOUNCE,FIELD,v2,770,168,751,342,34862979.02,21.818181818181817,45.539280958721704,45276.59612987014
CMP0000048,NPA_RECOVERY,WHATSAPP,v2,788,146,775,360,34832230.37,18.527918781725887,46.45161290322581,44203.33803299492
CMP0000104,30DPD_W1,FIELD,legacy,757,145,747,344,34720378.17,19.154557463672393,46.050870147255694,45865.75715984148
CMP0000085,60DPD_INTENT,MIXED,legacy,739,148,731,338,34702448.6,20.027063599458728,46.238030095759235,46958.65845737483
CMP0000105,BOUNCE,FIELD,v2,753,162,743,351,34672789.64,21.51394422310757,47.24091520861373,46046.2013811421
CMP0000070,60DPD_INTENT,WHATSAPP,v1,766,151,758,352,34627041.92,19.712793733681462,46.437994722955146,45205.01556135771
CMP0000003,30DPD_W1,MIXED,v1,732,164,719,340,34597435.39,22.404371584699454,47.28789986091794,47264.25599726776
CMP0000021,NPA_RECOVERY,FIELD,legacy,736,146,724,339,34501471.51,19.83695652173913,46.8232044198895,46876.999334239124
CMP0000034,DIGITAL_FOLLOWUP,VOICE,v3,768,147,754,351,34393318.73,19.140625,46.55172413793103,44782.967096354165
CMP0000060,30DPD_W1,SMS,v3,795,148,785,346,34370117.81,18.61635220125786,44.07643312101911,43232.85259119497
CMP0000083,BOUNCE,WHATSAPP,v2,783,161,772,345,34346922.39,20.561941251596423,44.689119170984455,43865.801264367816
CMP0000079,NPA_RECOVERY,MIXED,legacy,804,167,793,351,34341437.93,20.771144278606965,44.26229508196721,42713.2312562189
CMP0000084,BOUNCE,FIELD,legacy,743,132,739,351,34147207.73,17.765814266487215,47.496617050067655,45958.5568371467
CMP0000001,DIGITAL_FOLLOWUP,FIELD,legacy,733,146,723,345,34099255.32,19.918144611186904,47.71784232365145,46520.130040927696
CMP0000026,30DPD_W1,FIELD,legacy,739,139,731,329,34055054.83,18.80920162381597,45.00683994528043,46082.61817320703
CMP0000015,DIGITAL_FOLLOWUP,FIELD,v3,782,142,770,343,34021336.68,18.15856777493606,44.54545454545455,43505.54562659847
CMP0000071,30DPD_W1,MIXED,v3,715,144,707,329,33851947.77,20.13986013986014,46.53465346534654,47345.3814965035
CMP0000106,NPA_RECOVERY,SMS,v3,778,149,769,335,33787923.79,19.151670951156813,43.5630689206762,43429.207956298196
CMP0000013,30DPD_W1,VOICE,v2,758,136,746,345,33736818.79,17.941952506596305,46.24664879356568,44507.67650395778
CMP0000096,DIGITAL_FOLLOWUP,WHATSAPP,legacy,778,152,768,327,33718102.82,19.53727506426735,42.578125,43339.46377892031
CMP0000103,NPA_RECOVERY,WHATSAPP,legacy,797,134,789,344,33647860.46,16.813048933500628,43.59949302915083,42218.14361355082
CMP0000002,BOUNCE,MIXED,v2,755,144,746,337,33612764.47,19.072847682119207,45.17426273458445,44520.2178410596
CMP0000014,NPA_RECOVERY,SMS,v1,788,150,781,363,33510390.22,19.035532994923855,46.478873239436616,42525.87591370558
CMP0000099,BOUNCE,WHATSAPP,legacy,735,146,727,333,33505842.48,19.86394557823129,45.80467675378267,45586.18024489796
CMP0000049,60DPD_INTENT,VOICE,v1,773,132,763,337,33499094.45,17.076326002587322,44.167758846657925,43336.47406209573
CMP0000109,NPA_RECOVERY,MIXED,v1,742,146,738,341,33432438.35,19.67654986522911,46.205962059620596,45057.194541778976
CMP0000110,DIGITAL_FOLLOWUP,VOICE,v2,743,137,736,335,33387186.5,18.438761776581426,45.516304347826086,44935.64804845222
CMP0000045,30DPD_W1,VOICE,v2,756,157,745,337,33345994.11,20.767195767195766,45.234899328859065,44108.457817460316
CMP0000058,BOUNCE,VOICE,legacy,789,172,777,345,33342482.9,21.799746514575414,44.4015444015444,42259.167173637514
CMP0000075,30DPD_W1,WHATSAPP,v3,741,159,730,320,33336145.99,21.45748987854251,43.83561643835616,44988.051268556
CMP0000117,BOUNCE,VOICE,v3,753,139,744,332,33305360.14,18.459495351925632,44.623655913978496,44230.22594953519
CMP0000041,30DPD_W1,SMS,legacy,784,154,772,357,33285497.16,19.642857142857142,46.24352331606217,42455.991275510205
CMP0000094,60DPD_INTENT,WHATSAPP,v3,744,156,735,336,33278984.59,20.967741935483872,45.714285714285715,44729.81799731183
CMP0000080,NPA_RECOVERY,WHATSAPP,legacy,760,143,751,333,33207708.76,18.815789473684212,44.34087882822903,43694.353631578946
CMP0000042,BOUNCE,FIELD,v3,730,134,727,344,33196374.99,18.356164383561644,47.31774415405777,45474.48628767123
CMP0000038,NPA_RECOVERY,FIELD,v2,760,154,756,347,33131627.66,20.263157894736842,45.8994708994709,43594.24692105263
CMP0000097,NPA_RECOVERY,MIXED,v2,742,147,730,333,32990021.84,19.81132075471698,45.61643835616439,44460.94587601078
CMP0000057,30DPD_W1,MIXED,v3,755,164,743,319,32983452.88,21.721854304635762,42.934051144010766,43686.69255629139
CMP0000061,30DPD_W1,WHATSAPP,v3,766,158,753,328,32982141.38,20.626631853785902,43.559096945551126,43057.625822454305
CMP0000027,BOUNCE,VOICE,legacy,758,150,739,329,32900988.66,19.788918205804748,44.51962110960758,43404.99823218997
CMP0000118,30DPD_W1,FIELD,v3,732,149,722,319,32894553.97,20.3551912568306,44.18282548476454,44937.91525956284
CMP0000031,30DPD_W1,VOICE,v3,777,160,772,338,32878878.51,20.592020592020592,43.78238341968912,42315.15895752896
CMP0000120,NPA_RECOVERY,SMS,v3,701,144,689,329,32861097.19,20.542082738944366,47.750362844702465,46877.4567617689
CMP0000073,60DPD_INTENT,SMS,v2,727,144,712,327,32822109.86,19.80742778541953,45.92696629213483,45147.33130674002
CMP0000024,NPA_RECOVERY,SMS,legacy,747,150,734,331,32783992.79,20.080321285140563,45.095367847411445,43887.54054886211
CMP0000009,60DPD_INTENT,WHATSAPP,v1,735,158,714,333,32760751.06,21.496598639455783,46.63865546218487,44572.450421768706
CMP0000050,NPA_RECOVERY,SMS,v1,744,148,728,325,32728432.43,19.892473118279568,44.642857142857146,43989.82853494624
CMP0000074,BOUNCE,MIXED,legacy,742,135,735,337,32708479.96,18.194070080862534,45.85034013605443,44081.50938005391
CMP0000032,NPA_RECOVERY,MIXED,v2,713,157,702,312,32693265.330000002,22.019635343618514,44.44444444444444,45853.10705469846
CMP0000064,60DPD_INTENT,FIELD,v2,764,168,748,343,32576659.13,21.98952879581152,45.855614973262036,42639.606191099476
CMP0000054,BOUNCE,SMS,v3,761,148,749,323,32571295.98,19.44809461235217,43.1241655540721,42800.651747700394
CMP0000047,BOUNCE,WHATSAPP,v2,773,149,756,324,32547495.99,19.27554980595084,42.857142857142854,42105.42818887451
CMP0000102,NPA_RECOVERY,VOICE,legacy,729,145,711,325,32473797.08,19.89026063100137,45.71026722925457,44545.675006858706
CMP0000010,30DPD_W1,FIELD,v1,727,164,720,334,32418811.74,22.558459422283356,46.38888888888889,44592.58836313617
CMP0000004,BOUNCE,VOICE,legacy,738,137,727,339,32405854.68,18.56368563685637,46.62998624484182,43910.37219512195
CMP0000008,NPA_RECOVERY,SMS,v2,744,153,731,324,32404083.45,20.56451612903226,44.322845417236664,43553.87560483871
CMP0000035,30DPD_W1,MIXED,legacy,782,159,776,338,32400190.73,20.33248081841432,43.55670103092783,41432.46896419438
CMP0000111,30DPD_W1,FIELD,v1,747,156,734,321,32384336.82,20.883534136546185,43.73297002724796,43352.52586345382
CMP0000063,BOUNCE,WHATSAPP,v1,736,146,725,306,32258717.18,19.83695652173913,42.206896551724135,43829.77877717391
CMP0000033,DIGITAL_FOLLOWUP,WHATSAPP,legacy,763,136,751,338,32140016.92,17.82437745740498,45.00665778961385,42123.220078636965
CMP0000091,DIGITAL_FOLLOWUP,VOICE,v3,738,155,731,321,32120985.24,21.00271002710027,43.912448700410394,43524.370243902435
CMP0000090,30DPD_W1,FIELD,v2,741,145,731,329,32063326.99,19.568151147098515,45.00683994528043,43270.34681511471
CMP0000039,DIGITAL_FOLLOWUP,SMS,v3,732,140,722,317,31929026.56,19.12568306010929,43.905817174515235,43618.888743169395
CMP0000081,DIGITAL_FOLLOWUP,WHATSAPP,legacy,760,154,751,328,31824285.69,20.263157894736842,43.67509986684421,41874.06011842105
CMP0000020,NPA_RECOVERY,WHATSAPP,v3,727,162,720,327,31749208.93,22.283356258596974,45.416666666666664,43671.539105914715
CMP0000051,DIGITAL_FOLLOWUP,WHATSAPP,v1,727,156,718,316,31674059.86,21.458046767537827,44.01114206128134,43568.17037138927
CMP0000119,30DPD_W1,SMS,v2,760,142,755,318,31667176.49,18.684210526315788,42.11920529801325,41667.3374868421
CMP0000077,BOUNCE,FIELD,v1,722,134,714,309,31626639.28,18.559556786703602,43.27731092436975,43804.20952908587
CMP0000029,60DPD_INTENT,MIXED,v1,752,137,743,302,31606040.88,18.21808510638298,40.646029609690444,42029.30968085106
CMP0000007,DIGITAL_FOLLOWUP,MIXED,v2,719,145,707,316,31556534.94,20.166898470097358,44.6958981612447,43889.478358831715
CMP0000067,30DPD_W1,MIXED,v2,735,157,728,315,31499685.29,21.360544217687075,43.269230769230774,42856.71468027211
CMP0000089,DIGITAL_FOLLOWUP,WHATSAPP,legacy,754,160,743,321,31473326.96,21.220159151193634,43.203230148048455,41741.81294429708
CMP0000046,BOUNCE,WHATSAPP,v3,780,156,772,301,31459908.46,20.0,38.98963730569948,40333.21597435897
CMP0000025,30DPD_W1,FIELD,legacy,724,139,713,320,31430148.15,19.19889502762431,44.88078541374474,43411.80683701657
CMP0000037,BOUNCE,SMS,v2,719,139,716,310,31298654.24,19.33240611961057,43.296089385474865,43530.81257301808
CMP0000087,60DPD_INTENT,SMS,legacy,728,159,717,322,31257273.59,21.84065934065934,44.90934449093445,42935.81537087912
CMP0000012,NPA_RECOVERY,WHATSAPP,v1,740,136,734,323,31228808.46,18.37837837837838,44.00544959128065,42201.09251351351
CMP0000069,BOUNCE,SMS,v3,736,133,725,325,31199219.490000002,18.070652173913043,44.827586206896555,42390.24387228261
CMP0000018,60DPD_INTENT,SMS,legacy,738,141,722,322,31171286.68,19.10569105691057,44.59833795013851,42237.515826558265
CMP0000022,60DPD_INTENT,VOICE,v3,760,135,746,308,31165876.68,17.763157894736842,41.28686327077748,41007.73247368421
CMP0000068,NPA_RECOVERY,VOICE,v1,744,151,736,317,31046530.169999998,20.29569892473118,43.07065217391305,41729.20721774193
CMP0000078,60DPD_INTENT,SMS,v2,696,134,690,310,31016877.38,19.25287356321839,44.927536231884055,44564.47899425287
CMP0000059,30DPD_W1,MIXED,legacy,753,156,743,321,30844728.52,20.717131474103585,43.203230148048455,40962.45487383798
CMP0000076,DIGITAL_FOLLOWUP,VOICE,v3,725,141,713,334,30720866.17,19.448275862068964,46.84431977559607,42373.60851034483
CMP0000088,30DPD_W1,MIXED,v1,704,136,700,304,30631574.68,19.318181818181817,43.42857142857143,43510.759488636366
CMP0000005,60DPD_INTENT,WHATSAPP,legacy,768,156,759,318,30311943.28,20.3125,41.89723320158103,39468.676145833335
CMP0000065,30DPD_W1,WHATSAPP,v3,775,176,764,327,30299102.86,22.70967741935484,42.80104712041885,39095.61659354839
CMP0000043,NPA_RECOVERY,WHATSAPP,legacy,724,158,715,305,30218376.96,21.823204419889503,42.65734265734265,41738.08972375691
CMP0000044,NPA_RECOVERY,SMS,v1,738,148,727,325,30046146.03,20.05420054200542,44.70426409903714,40712.935000000005
CMP0000113,30DPD_W1,WHATSAPP,legacy,711,140,705,302,29995774.58,19.69057665260197,42.836879432624116,42188.14990154711
CMP0000017,NPA_RECOVERY,MIXED,v3,700,132,693,298,29969932.61,18.857142857142858,43.001443001443,42814.18944285714
CMP0000108,NPA_RECOVERY,VOICE,v3,710,136,695,310,29937502.49,19.154929577464788,44.60431654676259,42165.49646478873
CMP0000016,NPA_RECOVERY,MIXED,v1,747,149,736,314,29608291.65,19.946452476572958,42.66304347826087,39636.26726907631
CMP0000011,NPA_RECOVERY,WHATSAPP,v3,705,145,695,302,29602060.64,20.56737588652482,43.45323741007194,41988.7384964539
CMP0000095,DIGITAL_FOLLOWUP,VOICE,legacy,761,148,752,314,29437826.92,19.44809461235217,41.755319148936174,38683.08399474376
CMP0000056,60DPD_INTENT,WHATSAPP,v1,741,142,731,318,29293973.35,19.163292847503374,43.50205198358413,39533.02746288799
CMP0000101,BOUNCE,MIXED,v3,749,146,738,301,29288421.35,19.492656875834445,40.78590785907859,39103.36628838452
CMP0000030,30DPD_W1,SMS,v2,759,154,755,304,29286429.13,20.28985507246377,40.264900662251655,38585.54562582345
CMP0000023,BOUNCE,VOICE,v2,713,125,703,315,29174259.97,17.53155680224404,44.807965860597434,40917.615666199155
CMP0000062,NPA_RECOVERY,SMS,legacy,732,152,725,312,29112209.12,20.76502732240437,43.03448275862069,39770.7774863388
CMP0000082,DIGITAL_FOLLOWUP,MIXED,v2,730,148,714,304,29044828.09,20.273972602739725,42.57703081232493,39787.435739726025
CMP0000066,60DPD_INTENT,WHATSAPP,v2,727,153,720,302,28189978.56,21.04539202200825,41.94444444444444,38775.76143053645
CMP0000107,DIGITAL_FOLLOWUP,SMS,legacy,696,143,685,294,28087182.47,20.545977011494255,42.91970802919708,40355.14722701149
CMP0000053,DIGITAL_FOLLOWUP,VOICE,v1,740,144,730,299,27983818.669999998,19.45945945945946,40.95890410958904,37815.97117567567
CMP0000028,30DPD_W1,SMS,legacy,764,145,757,291,27561034.71,18.979057591623036,38.44121532364597,36074.652761780104
