match_stratum,control_accounts,treatment_accounts,control_paying_accounts,treatment_paying_accounts,control_recovered_amount,treatment_recovered_amount,control_outstanding_amount,treatment_outstanding_amount,control_payment_rate_pct,treatment_payment_rate_pct,payment_rate_difference_pct_points,control_recovery_rate_pct,treatment_recovery_rate_pct,recovery_rate_difference_pct_points
0|HIGH|ACTIVE|AUTO,14.0,14.0,5.0,5.0,488154.10000000003,966063.56,3892670.84,3454541.14,35.714285714285715,35.714285714285715,0.0,12.540338499311698,27.965032716327702,15.424694217016004
0|HIGH|ACTIVE|BNPL,19.0,13.0,9.0,6.0,919809.16,513485.42,6390165.12,4738214.21,47.368421052631575,46.15384615384615,-1.214574898785422,14.39413759624415,10.837108607633,-3.5570289886111492
0|HIGH|ACTIVE|CONSUMER,22.0,14.0,13.0,7.0,1446190.07,839862.93,7644105.9799999995,5937198.98,59.09090909090909,50.0,-9.090909090909093,18.91902171141798,14.145777037777501,-4.7732446736404786
0|HIGH|ACTIVE|CREDIT_CARD,11.0,18.0,5.0,8.0,307087.65,645283.07,2826887.09,4868783.85,45.45454545454545,44.44444444444444,-1.0101010101010104,10.863102777833268,13.253475403308364,2.3903726254750968
0|HIGH|ACTIVE|PERSONAL,22.0,22.0,10.0,13.0,1316805.88,1127315.21,8882206.25,6725270.06,45.45454545454545,59.09090909090909,13.63636363636364,14.825211697825639,16.762378312581845,1.9371666147562063
0|HIGH|CLOSED|AUTO,21.0,13.0,6.0,8.0,773797.5,708290.87,8373619.59,5156245.96,28.57142857142857,61.53846153846154,32.96703296703297,9.24089626574498,13.736560968864255,4.495664703119276
0|HIGH|CLOSED|BNPL,25.0,22.0,10.0,11.0,1005899.95,817268.27,8769194.67,5999941.91,40.0,50.0,10.0,11.470836124111269,13.621269709926242,2.150433585814973
0|HIGH|CLOSED|CONSUMER,17.0,22.0,7.0,10.0,893439.2,823340.29,7124637.86,8127446.4799999995,41.17647058823529,45.45454545454545,4.278074866310163,12.540134917117035,10.130368646856965,-2.4097662702600697
0|HIGH|CLOSED|CREDIT_CARD,20.0,23.0,17.0,11.0,1595179.5,740770.1,8085430.36,8624575.19,85.0,47.82608695652174,-37.17391304347826,19.72906115043207,8.589061880507531,-11.13999926992454
0|HIGH|CLOSED|PERSONAL,18.0,21.0,7.0,8.0,791246.98,1014696.98,7278038.86,9731740.95,38.88888888888889,38.095238095238095,-0.7936507936507979,10.871705897981423,10.426674787310281,-0.44503111067114176
0|HIGH|PAID|AUTO,19.0,19.0,10.0,12.0,913666.22,1218783.06,6307083.85,6930005.67,52.63157894736842,63.1578947368421,10.526315789473685,14.486349662213543,17.587042753458526,3.100693091244983
0|HIGH|PAID|BNPL,24.0,14.0,14.0,7.0,1592033.46,367697.48,8321394.45,5330813.28,58.333333333333336,50.0,-8.333333333333336,19.131811015159844,6.897586928799726,-12.234224086360118
0|HIGH|PAID|CONSUMER,22.0,16.0,11.0,9.0,716354.75,937043.75,6618653.16,4918656.37,50.0,56.25,6.25,10.823270727182205,19.05080736510162,8.227536637919414
0|HIGH|PAID|CREDIT_CARD,27.0,12.0,16.0,4.0,1480175.73,636293.71,9406350.12,3731113.58,59.25925925925925,33.33333333333333,-25.925925925925924,15.735920002093225,17.053721264631132,1.3178012625379072
0|HIGH|PAID|PERSONAL,9.0,11.0,4.0,5.0,358826.72,463119.66000000003,2973511.76,3452932.3000000003,44.44444444444444,45.45454545454545,1.0101010101010104,12.067439074126952,13.412358533643998,1.3449194595170457
0|HIGH|WRITEOFF|AUTO,10.0,18.0,4.0,5.0,539886.0,729380.7,3775526.22,7304581.2,40.0,27.77777777777778,-12.222222222222221,14.299622583471292,9.985250078402853,-4.314372505068439
0|HIGH|WRITEOFF|BNPL,11.0,16.0,4.0,5.0,437240.08,479909.98,2928656.18,6298598.12,36.36363636363637,31.25,-5.113636363636367,14.929717014443122,7.619314184788789,-7.3104028296543335
0|HIGH|WRITEOFF|CONSUMER,20.0,12.0,9.0,6.0,1066573.94,476461.56,7123852.13,4487131.46,45.0,50.0,5.0,14.971870843703208,10.618399845142937,-4.353470998560271
0|HIGH|WRITEOFF|CREDIT_CARD,14.0,14.0,7.0,3.0,872837.35,217968.36,5165704.93,3457784.81,50.0,21.428571428571427,-28.571428571428573,16.89677133765362,6.303699390709047,-10.593071946944574
0|HIGH|WRITEOFF|PERSONAL,18.0,21.0,8.0,8.0,684862.88,1005829.5900000001,8490959.18,7051533.21,44.44444444444444,38.095238095238095,-6.349206349206348,8.065789335239744,14.263984300231355,6.198194964991611
0|LOW|ACTIVE|AUTO,22.0,10.0,11.0,6.0,1034771.4299999999,494459.82999999996,7120661.0,2931130.64,50.0,60.0,10.0,14.531957496642518,16.869252542083895,2.337295045441378
0|LOW|ACTIVE|BNPL,17.0,8.0,7.0,4.0,648128.54,305531.22,6446706.76,3520715.85,41.17647058823529,50.0,8.82352941176471,10.053637680892438,8.678099370047144,-1.3755383108452932
0|LOW|ACTIVE|CONSUMER,20.0,15.0,12.0,6.0,1424720.92,318416.16000000003,7793305.81,4765453.7,60.0,40.0,-20.0,18.281342407632277,6.681759598251894,-11.599582809380383
0|LOW|ACTIVE|CREDIT_CARD,22.0,19.0,14.0,8.0,1161593.98,500024.92,8126384.17,6626581.7,63.63636363636363,42.10526315789473,-21.5311004784689,14.29410615717913,7.5457444371356655,-6.748361720043464
0|LOW|ACTIVE|PERSONAL,21.0,20.0,12.0,9.0,1144690.55,1082851.88,9119087.48,6763541.23,57.14285714285714,45.0,-12.142857142857139,12.552687453767032,16.010132017780272,3.4574445640132403
0|LOW|CLOSED|AUTO,19.0,13.0,10.0,6.0,894625.16,609158.14,6415969.96,4684966.28,52.63157894736842,46.15384615384615,-6.477732793522264,13.943724262699012,13.002401801705176,-0.9413224609938364
0|LOW|CLOSED|BNPL,20.0,16.0,7.0,7.0,575038.56,730868.46,8279115.04,5580188.72,35.0,43.75,8.75,6.945652490897143,13.097558105525863,6.15190561462872
0|LOW|CLOSED|CONSUMER,15.0,10.0,4.0,6.0,446967.12,509871.09,6346861.32,3862432.2,26.666666666666668,60.0,33.33333333333333,7.042333170121952,13.200777737923788,6.158444567801836
0|LOW|CLOSED|CREDIT_CARD,23.0,13.0,13.0,7.0,1057181.0,922878.6900000001,8070211.86,5200187.33,56.52173913043478,53.84615384615385,-2.6755852842809347,13.09979240123691,17.747027778708887,4.6472353774719775
0|LOW|CLOSED|PERSONAL,18.0,11.0,6.0,6.0,505063.37,571192.32,4731922.45,3819530.56,33.33333333333333,54.54545454545454,21.21212121212121,10.673534389812326,14.954516295321904,4.280981905509577
0|LOW|PAID|AUTO,20.0,18.0,5.0,6.0,485275.52,496450.98,7398091.33,6033628.67,25.0,33.33333333333333,8.333333333333329,6.559469170543479,8.228066511093397,1.6685973405499182
0|LOW|PAID|BNPL,21.0,17.0,11.0,7.0,931406.26,594580.38,5595745.22,5438030.47,52.38095238095239,41.17647058823529,-11.204481792717097,16.644901141514087,10.933744915188019,-5.711156226326068
0|LOW|PAID|CONSUMER,19.0,16.0,11.0,7.0,1174611.52,704678.75,6688766.85,5033588.79,57.89473684210527,43.75,-14.144736842105267,17.560957742158408,13.999529548380133,-3.5614281937782746
0|LOW|PAID|CREDIT_CARD,13.0,14.0,8.0,7.0,941096.27,988075.56,3958062.2,4764267.59,61.53846153846154,50.0,-11.53846153846154,23.77669229149557,20.739296047810786,-3.0373962436847854
0|LOW|PAID|PERSONAL,12.0,10.0,4.0,3.0,393907.93,355779.72,4462758.87,3466649.18,33.33333333333333,30.0,-3.3333333333333286,8.826556430103516,10.262928307040287,1.4363718769367715
0|LOW|WRITEOFF|AUTO,16.0,9.0,6.0,3.0,512954.83,180091.53999999998,5909285.0,3192363.54,37.5,33.33333333333333,-4.166666666666671,8.68048892547914,5.641323043051669,-3.039165882427472
0|LOW|WRITEOFF|BNPL,22.0,12.0,12.0,4.0,902092.0800000001,487851.05999999994,6936293.54,4432331.11,54.54545454545454,33.33333333333333,-21.21212121212121,13.005390772432623,11.006647470432323,-1.9987433020002996
0|LOW|WRITEOFF|CONSUMER,20.0,14.0,10.0,7.0,1234519.66,562370.49,7658442.32,5440997.72,50.0,50.0,0.0,16.119722633100668,10.335797200076755,-5.783925433023914
0|LOW|WRITEOFF|CREDIT_CARD,11.0,19.0,6.0,6.0,543956.6499999999,660766.04,4103526.96,6762083.21,54.54545454545454,31.57894736842105,-22.96650717703349,13.255832246317201,9.771634265352379,-3.4841979809648222
0|LOW|WRITEOFF|PERSONAL,16.0,9.0,3.0,4.0,188628.01,304547.06,6264516.86,2119511.13,18.75,44.44444444444444,25.694444444444443,3.0110543911921086,14.368740776558225,11.357686385366115
0|MEDIUM|ACTIVE|AUTO,22.0,19.0,8.0,11.0,335575.92000000004,1193083.78,7349746.76,5977220.05,36.36363636363637,57.89473684210527,21.5311004784689,4.565816088063421,19.96051291436058,15.39469682629716
0|MEDIUM|ACTIVE|BNPL,16.0,15.0,6.0,4.0,560832.4,305129.31,6022805.74,6018088.21,37.5,26.666666666666668,-10.833333333333332,9.311812869461733,5.070203349511888,-4.2416095199498445
0|MEDIUM|ACTIVE|CONSUMER,15.0,18.0,8.0,11.0,886985.91,1040136.1699999999,5317096.31,5993279.87,53.333333333333336,61.111111111111114,7.777777777777779,16.68177249924593,17.35504085511695,0.67326835587102
0|MEDIUM|ACTIVE|CREDIT_CARD,33.0,14.0,14.0,7.0,918819.23,613875.53,11353312.86,4987924.4,42.42424242424242,50.0,7.575757575757578,8.09296142306784,12.307234047091812,4.214272624023973
0|MEDIUM|ACTIVE|PERSONAL,25.0,14.0,12.0,5.0,1844525.01,396638.24,8359981.4799999995,5229433.5600000005,48.0,35.714285714285715,-12.285714285714285,22.063745169923514,7.584726633375564,-14.479018536547951
0|MEDIUM|CLOSED|AUTO,28.0,17.0,6.0,8.0,417145.39,782175.17,8969716.09,6381015.26,21.428571428571427,47.05882352941176,25.630252100840334,4.650597475042267,12.257848291057059,7.607250816014791
0|MEDIUM|CLOSED|BNPL,13.0,18.0,5.0,7.0,171218.51,780234.14,5769085.96,5984713.51,38.46153846153847,38.88888888888889,0.42735042735042583,2.967862000794317,13.037117628041647,10.06925562724733
0|MEDIUM|CLOSED|CONSUMER,16.0,18.0,4.0,5.0,281799.13,652552.49,4870021.95,5546152.22,25.0,27.77777777777778,2.7777777777777786,5.786403693724624,11.765859718866498,5.979456025141873
0|MEDIUM|CLOSED|CREDIT_CARD,22.0,21.0,13.0,12.0,1580886.1600000001,677235.77,8097083.88,6727628.78,59.09090909090909,57.14285714285714,-1.9480519480519547,19.524142066810356,10.066485416277681,-9.457656650532675
0|MEDIUM|CLOSED|PERSONAL,20.0,10.0,13.0,6.0,1602869.18,367530.71,7108912.14,3333677.72,65.0,60.0,-5.0,22.547320158608684,11.024782263595654,-11.52253789501303
0|MEDIUM|PAID|AUTO,23.0,14.0,11.0,4.0,1344829.5899999999,226956.15,9242212.56,5920611.149999999,47.82608695652174,28.57142857142857,-19.254658385093173,14.550948501448444,3.8333230176752955,-10.717625483773148
0|MEDIUM|PAID|BNPL,19.0,7.0,5.0,3.0,511622.73000000004,244326.8,4923157.04,2537360.6,26.31578947368421,42.857142857142854,16.541353383458645,10.392167583587787,9.629171352309955,-0.7629962312778318
0|MEDIUM|PAID|CONSUMER,20.0,12.0,13.0,4.0,1172020.91,322613.58,6928563.26,5104026.5,65.0,33.33333333333333,-31.66666666666667,16.915785654528324,6.320766163733673,-10.595019490794652
0|MEDIUM|PAID|CREDIT_CARD,19.0,18.0,11.0,7.0,908427.4,507932.23,7036091.4,4479727.29,57.89473684210527,38.88888888888889,-19.005847953216374,12.910966449355673,11.338463194709336,-1.5725032546463371
0|MEDIUM|PAID|PERSONAL,18.0,14.0,11.0,4.0,1009706.7100000001,349791.07,5340597.71,5616789.12,61.111111111111114,28.57142857142857,-32.539682539682545,18.906249165882222,6.227598411243183,-12.67865075463904
0|MEDIUM|WRITEOFF|AUTO,15.0,20.0,8.0,9.0,990462.61,969770.91,4138171.81,6716924.44,53.333333333333336,45.0,-8.333333333333336,23.934787038240444,14.43772248240446,-9.497064555835983
0|MEDIUM|WRITEOFF|BNPL,16.0,19.0,9.0,8.0,1265185.8699999999,937080.3099999999,4088784.66,5831005.03,56.25,42.10526315789473,-14.144736842105267,30.94283449009026,16.070648287538862,-14.872186202551397
0|MEDIUM|WRITEOFF|CONSUMER,11.0,14.0,7.0,7.0,471527.54000000004,751319.49,5128899.1899999995,4592209.21,63.63636363636363,50.0,-13.636363636363633,9.193542757076496,16.360741761588862,7.167199004512366
0|MEDIUM|WRITEOFF|CREDIT_CARD,17.0,17.0,8.0,8.0,905924.34,721116.59,5782253.0,6846263.17,47.05882352941176,47.05882352941176,0.0,15.667324484072212,10.532995476421336,-5.1343290076508765
0|MEDIUM|WRITEOFF|PERSONAL,16.0,12.0,8.0,7.0,779891.14,761576.01,5300956.92,3658839.41,50.0,58.333333333333336,8.333333333333336,14.712270855428871,20.814688065251815,6.102417209822944
0|NPA|ACTIVE|AUTO,14.0,15.0,6.0,8.0,411870.22,602260.7,5451091.74,5456027.149999999,42.857142857142854,53.333333333333336,10.476190476190482,7.555738183191904,11.038447636757086,3.4827094535651817
0|NPA|ACTIVE|BNPL,22.0,19.0,12.0,8.0,1439505.95,639886.79,9020397.57,7499610.47,54.54545454545454,42.10526315789473,-12.440191387559807,15.958342621033719,8.532267009862448,-7.426075611171271
0|NPA|ACTIVE|CONSUMER,19.0,16.0,13.0,7.0,829721.37,943528.9900000001,7631014.4399999995,4926696.34,68.42105263157895,43.75,-24.671052631578945,10.873015331366613,19.151352648618893,8.27833731725228
0|NPA|ACTIVE|CREDIT_CARD,19.0,14.0,9.0,7.0,859649.1799999999,584334.56,7790416.66,5461731.91,47.368421052631575,50.0,2.631578947368425,11.0347009347251,10.698704543335962,-0.3359963913891377
0|NPA|ACTIVE|PERSONAL,19.0,16.0,6.0,8.0,455722.61,626450.9299999999,5546608.26,5959555.19,31.57894736842105,50.0,18.42105263157895,8.216239341914513,10.51170615973438,2.295466817819868
0|NPA|CLOSED|AUTO,16.0,20.0,9.0,8.0,868944.28,862706.46,5531317.37,7362948.34,56.25,40.0,-16.25,15.709535755674784,11.716861509312178,-3.992674246362606
0|NPA|CLOSED|BNPL,22.0,12.0,12.0,7.0,1017306.13,736716.76,8455287.19,3727302.98,54.54545454545454,58.333333333333336,3.787878787878796,12.031597592606433,19.765411182108945,7.733813589502512
0|NPA|CLOSED|CONSUMER,14.0,13.0,6.0,4.0,537052.81,189068.85,6688957.28,4451259.86,42.857142857142854,30.76923076923077,-12.087912087912084,8.028946628285238,4.24753566285838,-3.7814109654268586
0|NPA|CLOSED|CREDIT_CARD,14.0,12.0,4.0,5.0,534936.9099999999,218014.0,5269280.19,3795768.27,28.57142857142857,41.66666666666667,13.095238095238102,10.151992126271804,5.743606682290961,-4.408385443980842
0|NPA|CLOSED|PERSONAL,16.0,16.0,5.0,6.0,319741.80000000005,501984.06,6241721.19,4523168.25,31.25,37.5,6.25,5.122654317085893,11.098062956203322,5.975408639117428
0|NPA|PAID|AUTO,23.0,15.0,8.0,10.0,911581.14,875171.91,9333903.08,3980878.1300000004,34.78260869565217,66.66666666666666,31.884057971014485,9.766344606183761,21.984393428291156,12.218048822107395
0|NPA|PAID|BNPL,15.0,15.0,6.0,6.0,609949.88,566430.38,6266872.32,6412368.12,40.0,40.0,0.0,9.732923360404444,8.833403968704156,-0.8995193917002879
0|NPA|PAID|CONSUMER,13.0,19.0,8.0,8.0,970219.89,584607.6,4493253.7,8762181.969999999,61.53846153846154,42.10526315789473,-19.433198380566807,21.59281346610809,6.671940870454213,-14.920872595653877
0|NPA|PAID|CREDIT_CARD,24.0,20.0,8.0,7.0,794689.63,801975.65,8413641.61,7208302.58,33.33333333333333,35.0,1.6666666666666714,9.44525173327415,11.125721223539426,1.680469490265276
0|NPA|PAID|PERSONAL,15.0,17.0,5.0,4.0,574265.94,238370.76,3837105.9,6884336.3100000005,33.33333333333333,23.52941176470588,-9.803921568627448,14.966121732527633,3.4625089371904902,-11.503612795337142
0|NPA|WRITEOFF|AUTO,12.0,13.0,5.0,4.0,670145.97,449443.02999999997,4265503.89,4350782.56,41.66666666666667,30.76923076923077,-10.897435897435901,15.710827777489145,10.330165293298409,-5.3806624841907364
0|NPA|WRITEOFF|BNPL,12.0,20.0,7.0,10.0,478595.12,904715.64,3606407.82,7026012.9799999995,58.333333333333336,50.0,-8.333333333333336,13.27068772826696,12.876657680185499,-0.39403004808146136
0|NPA|WRITEOFF|CONSUMER,13.0,17.0,8.0,8.0,590583.46,983738.17,5329816.11,5872607.4799999995,61.53846153846154,47.05882352941176,-14.47963800904978,11.080747399369468,16.751301246512053,5.670553847142585
0|NPA|WRITEOFF|CREDIT_CARD,16.0,13.0,5.0,6.0,462037.48,676957.02,3796584.31,5575034.46,31.25,46.15384615384615,14.903846153846153,12.169820087572347,12.142651760398266,-0.02716832717408124
0|NPA|WRITEOFF|PERSONAL,18.0,14.0,6.0,6.0,597054.76,470058.83999999997,5860411.16,4972471.7,33.33333333333333,42.857142857142854,9.523809523809526,10.187932957250052,9.453223031917908,-0.7347099253321439
1-30|HIGH|ACTIVE|AUTO,82.0,57.0,32.0,25.0,3087262.12,2084965.33,27479541.85,23218333.88,39.02439024390244,43.859649122807014,4.835258878904575,11.234765618918061,8.979823189621564,-2.254942429296497
1-30|HIGH|ACTIVE|BNPL,75.0,59.0,35.0,24.0,3662484.17,2828847.7,26168234.41,22350015.57,46.666666666666664,40.67796610169492,-5.988700564971744,13.995916241870749,12.657027871591769,-1.3388883702789798
1-30|HIGH|ACTIVE|CONSUMER,67.0,58.0,33.0,25.0,3142293.85,2232095.35,23267941.93,20333271.56,49.25373134328358,43.103448275862064,-6.150283067421519,13.50482075059915,10.977551464915368,-2.527269285683781
1-30|HIGH|ACTIVE|CREDIT_CARD,85.0,68.0,32.0,24.0,3137348.6999999997,2984306.9,30139725.18,24136755.22,37.64705882352941,35.294117647058826,-2.352941176470587,10.409347402019012,12.36415944396357,1.9548120419445585
1-30|HIGH|ACTIVE|PERSONAL,83.0,53.0,34.0,22.0,3369468.04,1986753.44,30582660.88,18825381.26,40.963855421686745,41.509433962264154,0.5455785405774094,11.01757644052325,10.55358939381183,-0.46398704671142
1-30|HIGH|CLOSED|AUTO,75.0,60.0,33.0,23.0,3905202.4299999997,2105796.8,27270087.11,20942540.18,44.0,38.333333333333336,-5.666666666666664,14.320461882822347,10.055116437169467,-4.26534544565288
1-30|HIGH|CLOSED|BNPL,62.0,68.0,28.0,34.0,2667064.04,4021670.04,21580862.52,25151617.05,45.16129032258064,50.0,4.838709677419359,12.35846823790433,15.989707667722303,3.631239429817974
1-30|HIGH|CLOSED|CONSUMER,63.0,69.0,32.0,31.0,3519697.71,2344647.05,20165721.21,26703497.08,50.79365079365079,44.927536231884055,-5.866114561766736,17.453864770552382,8.780299610106347,-8.673565160446035
1-30|HIGH|CLOSED|CREDIT_CARD,80.0,70.0,33.0,37.0,3273419.1,4404662.82,27189450.93,26668781.83,41.25,52.85714285714286,11.607142857142861,12.039298286778607,16.51617553466633,4.476877247887725
1-30|HIGH|CLOSED|PERSONAL,73.0,78.0,29.0,36.0,2673829.6,4335215.66,24829589.12,27335370.74,39.726027397260275,46.15384615384615,6.427818756585879,10.768722700474553,15.859362952250928,5.0906402517763745
1-30|HIGH|PAID|AUTO,80.0,64.0,33.0,25.0,3711683.93,3504283.88,27491981.65,22269114.4,41.25,39.0625,-2.1875,13.500969036184413,15.736072019101039,2.235102982916626
1-30|HIGH|PAID|BNPL,62.0,66.0,33.0,26.0,2976259.73,2448996.0300000003,21303657.94,24692658.75,53.2258064516129,39.39393939393939,-13.831867057673506,13.970651135980452,9.917911452123398,-4.0527396838570535
1-30|HIGH|PAID|CONSUMER,88.0,64.0,34.0,26.0,4060095.1399999997,2403768.4,33395052.68,22519342.55,38.63636363636363,40.625,1.9886363636363669,12.157774323355252,10.674238800102092,-1.4835355232531597
1-30|HIGH|PAID|CREDIT_CARD,73.0,67.0,30.0,24.0,2842874.46,2111358.23,30245463.23,21762539.73,41.0958904109589,35.82089552238806,-5.274994888570845,9.399341773612505,9.701800691439793,0.3024589178272876
1-30|HIGH|PAID|PERSONAL,69.0,66.0,29.0,25.0,2940381.1,2420222.9,22411720.93,22178607.759999998,42.028985507246375,37.878787878787875,-4.1501976284585,13.119836308795229,10.912420320471911,-2.2074159883233175
1-30|HIGH|WRITEOFF|AUTO,56.0,64.0,26.0,27.0,2108680.29,2937526.9,19097889.88,22677226.86,46.42857142857143,42.1875,-4.241071428571431,11.041430771931962,12.953642516058508,1.9122117441265463
1-30|HIGH|WRITEOFF|BNPL,73.0,70.0,33.0,21.0,3311852.32,2067356.23,24770797.64,22311724.89,45.20547945205479,30.0,-15.205479452054789,13.369986579083774,9.265783977672557,-4.104202601411217
1-30|HIGH|WRITEOFF|CONSUMER,61.0,62.0,22.0,31.0,1620692.5,2487777.15,17627511.52,17088037.55,36.0655737704918,50.0,13.934426229508198,9.194108301453545,14.558588970329128,5.364480668875583
1-30|HIGH|WRITEOFF|CREDIT_CARD,60.0,75.0,25.0,43.0,2778611.21,4365565.29,20342737.94,23607599.75,41.66666666666667,57.333333333333336,15.666666666666664,13.658983457366409,18.492203088117844,4.833219630751435
1-30|HIGH|WRITEOFF|PERSONAL,84.0,65.0,38.0,36.0,3704177.7,3398000.98,28797064.21,22975506.28,45.23809523809524,55.38461538461539,10.146520146520146,12.86303934660706,14.789667477133825,1.9266281305267654
1-30|LOW|ACTIVE|AUTO,69.0,57.0,27.0,28.0,2631323.95,3347178.49,25645624.79,19444389.61,39.130434782608695,49.122807017543856,9.99237223493516,10.260323043586103,17.21410935048632,6.953786306900218
1-30|LOW|ACTIVE|BNPL,58.0,63.0,25.0,29.0,3160708.64,3668618.8,20230174.97,23878249.14,43.103448275862064,46.03174603174603,2.9282977558839676,15.623733579601366,15.36385175684619,-0.259881822755176
1-30|LOW|ACTIVE|CONSUMER,68.0,67.0,36.0,32.0,3143237.78,3435623.84,22671096.34,23844828.43,52.94117647058824,47.76119402985074,-5.179982440737497,13.864516002493419,14.4082556521041,0.5437396496106803
1-30|LOW|ACTIVE|CREDIT_CARD,56.0,73.0,23.0,39.0,2281836.97,3102077.87,21363244.33,27198491.77,41.07142857142857,53.42465753424658,12.353228962818008,10.681135012792321,11.405330472852173,0.7241954600598515
1-30|LOW|ACTIVE|PERSONAL,80.0,55.0,30.0,25.0,2823818.07,2404738.42,28848350.62,20466052.05,37.5,45.45454545454545,7.954545454545453,9.788490535199964,11.749889104772407,1.9613985695724434
1-30|LOW|CLOSED|AUTO,79.0,56.0,28.0,25.0,3126599.9499999997,2584129.33,27720096.92,19828825.34,35.44303797468354,44.642857142857146,9.199819168173605,11.279181162401215,13.032185647362205,1.7530044849609894
1-30|LOW|CLOSED|BNPL,69.0,66.0,33.0,26.0,3539036.05,2816926.1,20763038.43,23559480.07,47.82608695652174,39.39393939393939,-8.432147562582351,17.044885130523742,11.956656478115564,-5.088228652408178
1-30|LOW|CLOSED|CONSUMER,71.0,56.0,33.0,27.0,3611206.94,2255141.26,25510211.09,21259810.4,46.478873239436616,48.214285714285715,1.7354124748490989,14.1559273157704,10.60753232305402,-3.5483949927163803
1-30|LOW|CLOSED|CREDIT_CARD,49.0,65.0,20.0,23.0,2157850.33,2360394.02,19424137.4,22432951.060000002,40.816326530612244,35.38461538461539,-5.431711145996857,11.109117926647286,10.52199513869933,-0.5871227879479566
1-30|LOW|CLOSED|PERSONAL,86.0,54.0,39.0,29.0,4508316.36,2275516.2399999998,29555421.52,19986992.45,45.348837209302324,53.70370370370371,8.354866494401385,15.253771146350411,11.38498573856218,-3.8687854077882307
1-30|LOW|PAID|AUTO,75.0,63.0,31.0,26.0,2760707.85,2540211.58,26558082.98,23876929.830000002,41.333333333333336,41.269841269841265,-0.06349206349207037,10.394981641103374,10.638769716567031,0.243788075463657
1-30|LOW|PAID|BNPL,90.0,60.0,38.0,28.0,3423047.4699999997,2136877.39,29180797.73,20012939.06,42.22222222222222,46.666666666666664,4.444444444444443,11.730479412085625,10.677479122849038,-1.0530002892365875
1-30|LOW|PAID|CONSUMER,72.0,60.0,30.0,24.0,3800684.84,1987829.41,22241869.2,20589952.86,41.66666666666667,40.0,-1.6666666666666714,17.087974062899352,9.65436600810168,-7.433608054797672
1-30|LOW|PAID|CREDIT_CARD,82.0,62.0,42.0,30.0,4105516.13,3040870.7199999997,27086459.76,20855253.67,51.21951219512195,48.38709677419355,-2.832415420928399,15.157079095522224,14.580837846025585,-0.5762412494966398
1-30|LOW|PAID|PERSONAL,79.0,51.0,30.0,22.0,2815810.79,2095155.8900000001,27193865.03,18154437.28,37.9746835443038,43.13725490196079,5.1625713576569865,10.354581031028967,11.5407371635151,1.1861561324861327
1-30|LOW|WRITEOFF|AUTO,66.0,52.0,27.0,28.0,2905718.38,2515516.33,26035745.72,17943481.48,40.909090909090914,53.84615384615385,12.937062937062933,11.16049607815881,14.019109573600987,2.858613495442178
1-30|LOW|WRITEOFF|BNPL,77.0,54.0,33.0,28.0,3293948.53,2821016.82,28844359.82,18874609.0,42.857142857142854,51.85185185185185,8.994708994708994,11.419731796980475,14.946094088624564,3.526362291644089
1-30|LOW|WRITEOFF|CONSUMER,70.0,52.0,34.0,28.0,3542673.32,2396253.13,24753936.71,17891203.13,48.57142857142857,53.84615384615385,5.274725274725277,14.311555214443302,13.393471152210882,-0.9180840622324205
1-30|LOW|WRITEOFF|CREDIT_CARD,73.0,65.0,32.0,32.0,2925021.9899999998,3652853.0500000003,26315041.36,22612918.9,43.83561643835616,49.23076923076923,5.3951527924130716,11.115399554135452,16.153832533313516,5.038432979178063
1-30|LOW|WRITEOFF|PERSONAL,80.0,61.0,24.0,27.0,2380087.04,2306682.19,30774102.04,20201281.12,30.0,44.26229508196721,14.26229508196721,7.734058452481819,11.418494581100111,3.684436128618292
1-30|MEDIUM|ACTIVE|AUTO,96.0,60.0,42.0,21.0,3851011.71,2353608.96,30333914.29,20783147.48,43.75,35.0,-8.75,12.695399852400651,11.324603081727252,-1.3707967706733992
1-30|MEDIUM|ACTIVE|BNPL,72.0,68.0,36.0,25.0,2902470.45,2337663.59,25806970.07,28827431.15,50.0,36.76470588235294,-13.235294117647058,11.246847042202967,8.109163726161565,-3.137683316041402
1-30|MEDIUM|ACTIVE|CONSUMER,74.0,59.0,35.0,26.0,3060770.1,2121227.52,26597658.33,20091487.02,47.2972972972973,44.06779661016949,-3.2295006871278105,11.50766756240229,10.557842323410068,-0.9498252389922222
1-30|MEDIUM|ACTIVE|CREDIT_CARD,71.0,63.0,35.0,24.0,3654434.53,2339323.54,23408498.990000002,22463412.169999998,49.29577464788733,38.095238095238095,-11.200536552649233,15.611571385081788,10.41392786766464,-5.1976435174171485
1-30|MEDIUM|ACTIVE|PERSONAL,95.0,50.0,39.0,22.0,4157584.33,2318978.62,35582669.83,17628005.85,41.05263157894737,44.0,2.94736842105263,11.684295613182774,13.155081974289223,1.4707863611064482
1-30|MEDIUM|CLOSED|AUTO,74.0,55.0,29.0,28.0,3173208.69,2699578.19,25789966.0,17709718.330000002,39.189189189189186,50.90909090909091,11.71990171990172,12.304043712194114,15.243484620683967,2.9394409084898534
1-30|MEDIUM|CLOSED|BNPL,67.0,65.0,31.0,32.0,2525579.02,3118708.85,25674646.52,23940313.77,46.26865671641791,49.23076923076923,2.9621125143513254,9.836859946767438,13.02701743996399,3.1901574931965513
1-30|MEDIUM|CLOSED|CONSUMER,84.0,56.0,37.0,18.0,4027119.88,1725423.22,28926481.04,19969269.66,44.047619047619044,32.142857142857146,-11.904761904761898,13.921914229495231,8.64039220951659,-5.281522019978642
1-30|MEDIUM|CLOSED|CREDIT_CARD,87.0,56.0,33.0,28.0,2511047.22,2324324.85,28552792.88,17635207.94,37.93103448275862,50.0,12.06896551724138,8.79440141128499,13.180025196799578,4.385623785514587
1-30|MEDIUM|CLOSED|PERSONAL,66.0,65.0,33.0,31.0,3359215.78,3053873.6999999997,21192382.2,26488581.03,50.0,47.69230769230769,-2.3076923076923066,15.851053214772618,11.529019604867825,-4.322033609904793
1-30|MEDIUM|PAID|AUTO,81.0,62.0,35.0,30.0,3479325.9699999997,2880952.64,30551191.61,23255570.89,43.20987654320987,48.38709677419355,5.177220230983679,11.38851150035388,12.388225830391558,0.9997143300376781
1-30|MEDIUM|PAID|BNPL,76.0,62.0,35.0,20.0,3247848.54,2405950.6,25586119.39,22254982.55,46.05263157894737,32.25806451612903,-13.794567062818338,12.693791076693635,10.810840199917388,-1.8829508767762473
1-30|MEDIUM|PAID|CONSUMER,78.0,66.0,35.0,25.0,3303427.19,2592299.86,27844050.599999998,23030974.47,44.871794871794876,37.878787878787875,-6.9930069930070005,11.864032419191194,11.25571070983867,-0.6083217093525235
1-30|MEDIUM|PAID|CREDIT_CARD,68.0,58.0,21.0,23.0,2659423.58,1922417.37,23025885.79,19484063.11,30.88235294117647,39.6551724137931,8.772819472616632,11.549712372650486,9.866614366555499,-1.683098006094987
1-30|MEDIUM|PAID|PERSONAL,88.0,61.0,36.0,25.0,3660371.13,2214917.8,32793662.06,18564161.26,40.909090909090914,40.98360655737705,0.07451564828613755,11.161824877328142,11.931149320343707,0.7693244430155648
1-30|MEDIUM|WRITEOFF|AUTO,87.0,64.0,42.0,32.0,3991931.83,3049704.77,29069632.51,21859818.93,48.275862068965516,50.0,1.724137931034484,13.732309235855558,13.951189530735972,0.21888029488041383
1-30|MEDIUM|WRITEOFF|BNPL,78.0,52.0,23.0,20.0,2061929.91,2355247.18,30500559.03,19769849.39,29.48717948717949,38.46153846153847,8.974358974358978,6.760302025847818,11.913328895622913,5.153026869775094
1-30|MEDIUM|WRITEOFF|CONSUMER,81.0,62.0,37.0,25.0,3544862.57,2460622.5100000002,27524585.32,20948863.28,45.67901234567901,40.32258064516129,-5.356431700517724,12.87889546304707,11.745852159669067,-1.1330433033780025
1-30|MEDIUM|WRITEOFF|CREDIT_CARD,87.0,79.0,38.0,36.0,4151057.6,4085614.12,31216276.06,30211205.33,43.67816091954023,45.56962025316456,1.8914593336243257,13.297734784320076,13.52350584947681,0.22577106515673506
1-30|MEDIUM|WRITEOFF|PERSONAL,90.0,56.0,43.0,24.0,4265194.61,2103199.72,29901179.85,17999767.5,47.77777777777778,42.857142857142854,-4.9206349206349245,14.264302048937378,11.684593814892333,-2.579708234045045
1-30|NPA|ACTIVE|AUTO,86.0,56.0,43.0,24.0,4816594.98,2934218.92,30380983.19,22715700.68,50.0,42.857142857142854,-7.142857142857146,15.853979938297053,12.917140269344312,-2.936839668952741
1-30|NPA|ACTIVE|BNPL,71.0,51.0,29.0,23.0,3309752.5,2468857.14,24306144.31,18324802.45,40.845070422535215,45.09803921568628,4.252968793151062,13.61693758494763,13.472762649072925,-0.1441749358747053
1-30|NPA|ACTIVE|CONSUMER,85.0,70.0,43.0,24.0,4804863.11,2708920.97,30116451.38,26920301.3,50.588235294117645,34.285714285714285,-16.30252100840336,15.954280434217614,10.062743874267113,-5.8915365599505005
1-30|NPA|ACTIVE|CREDIT_CARD,70.0,51.0,25.0,20.0,2919790.66,1559304.99,24954668.79,17579712.83,35.714285714285715,39.21568627450981,3.5014005602240914,11.700378332290422,8.869911613908885,-2.830466718381537
1-30|NPA|ACTIVE|PERSONAL,67.0,63.0,29.0,26.0,3121764.84,2460028.23,23582762.54,20040749.02,43.28358208955223,41.269841269841265,-2.013740819710968,13.237485789482914,12.27513117171905,-0.9623546177638644
1-30|NPA|CLOSED|AUTO,80.0,69.0,30.0,26.0,2984266.34,2459234.58,27214220.61,25684114.29,37.5,37.68115942028986,0.18115942028985899,10.965834306874902,9.574924609946518,-1.390909696928384
1-30|NPA|CLOSED|BNPL,73.0,56.0,35.0,26.0,3261680.2,2616783.32,25912814.3,20897683.13,47.94520547945205,46.42857142857143,-1.5166340508806186,12.587132228242767,12.521882467647503,-0.06524976059526466
1-30|NPA|CLOSED|CONSUMER,74.0,52.0,35.0,19.0,3623002.5500000003,2319678.96,25900013.82,19918486.42,47.2972972972973,36.53846153846153,-10.758835758835765,13.988419369885882,11.645859585348955,-2.3425597845369275
1-30|NPA|CLOSED|CREDIT_CARD,78.0,69.0,30.0,28.0,3385472.15,3470576.41,30987717.24,23102433.07,38.46153846153847,40.57971014492754,2.118171683389072,10.92520666746603,15.022558011462298,4.097351343996268
1-30|NPA|CLOSED|PERSONAL,68.0,70.0,26.0,27.0,2413174.11,2350591.05,24663755.62,24892249.52,38.23529411764706,38.57142857142858,0.3361344537815185,9.784292981086551,9.443063987091191,-0.3412289939953599
1-30|NPA|PAID|AUTO,55.0,61.0,26.0,27.0,2506658.39,2806514.14,18362301.9,21630530.0,47.27272727272727,44.26229508196721,-3.0104321907600635,13.65111195563123,12.974782125079692,-0.6763298305515377
1-30|NPA|PAID|BNPL,80.0,53.0,41.0,23.0,4680814.32,2253731.05,25932853.11,18799040.97,51.24999999999999,43.39622641509434,-7.853773584905653,18.04974678314522,11.988542679366265,-6.061204103778955
1-30|NPA|PAID|CONSUMER,50.0,59.0,27.0,22.0,2766328.02,2140344.13,17557562.28,21463431.6,54.0,37.28813559322034,-16.71186440677966,15.755763675411549,9.972049995956842,-5.783713679454706
1-30|NPA|PAID|CREDIT_CARD,62.0,62.0,26.0,30.0,2194631.0700000003,3642695.14,24196795.31,20530966.37,41.935483870967744,48.38709677419355,6.451612903225808,9.069924516380102,17.742443654881892,8.67251913850179
1-30|NPA|PAID|PERSONAL,68.0,61.0,24.0,24.0,2440163.53,1815977.95,25036964.02,21536530.73,35.294117647058826,39.34426229508197,4.050144648023142,9.7462437061089,8.432082087717012,-1.3141616183918874
1-30|NPA|WRITEOFF|AUTO,78.0,62.0,40.0,33.0,3646370.37,3149411.9099999997,27266094.22,20473721.78,51.28205128205128,53.2258064516129,1.9437551695616193,13.373277230610261,15.382703466628818,2.009426236018557
1-30|NPA|WRITEOFF|BNPL,75.0,62.0,34.0,19.0,3101141.61,1952816.44,27226910.14,21188486.25,45.33333333333333,30.64516129032258,-14.688172043010749,11.389987310546873,9.216403743802132,-2.1735835667447407
1-30|NPA|WRITEOFF|CONSUMER,81.0,65.0,35.0,28.0,3787718.58,2934224.94,27678574.73,22219448.22,43.20987654320987,43.07692307692308,-0.13295346628679283,13.684659043858217,13.205660693944992,-0.47899834991322443
1-30|NPA|WRITEOFF|CREDIT_CARD,79.0,50.0,38.0,16.0,3680387.24,1444526.22,26512792.07,16318018.51,48.10126582278481,32.0,-16.10126582278481,13.881552837901467,8.852338408090212,-5.029214429811255
1-30|NPA|WRITEOFF|PERSONAL,74.0,70.0,34.0,34.0,2559989.4,3347380.5100000002,27873489.61,25870938.84,45.94594594594595,48.57142857142857,2.6254826254826185,9.184316121945377,12.938767049398662,3.7544509274532842
31-60|HIGH|ACTIVE|AUTO,35.0,35.0,15.0,15.0,1636815.47,1405460.34,11854402.0,12757927.64,42.857142857142854,42.857142857142854,0.0,13.807659551278926,11.016368642768066,-2.7912909085108595
31-60|HIGH|ACTIVE|BNPL,37.0,38.0,17.0,11.0,2471807.51,1318625.3,12712472.22,10895204.91,45.94594594594595,28.947368421052634,-16.998577524893317,19.443956039575124,12.102804039873721,-7.3411519997014025
31-60|HIGH|ACTIVE|CONSUMER,40.0,27.0,15.0,10.0,1288372.76,902352.61,14489969.85,10817443.57,37.5,37.03703703703704,-0.4629629629629619,8.891479922575547,8.341643791907481,-0.5498361306680657
31-60|HIGH|ACTIVE|CREDIT_CARD,38.0,25.0,19.0,10.0,1852834.82,1494448.96,14479158.6,9805334.74,50.0,40.0,-10.0,12.796564159467113,15.24118247491875,2.4446183154516365
31-60|HIGH|ACTIVE|PERSONAL,42.0,26.0,20.0,3.0,2415466.79,571461.72,13527401.91,7547351.31,47.61904761904761,11.538461538461538,-36.08058608058607,17.85610279099041,7.571685701748525,-10.284417089241884
31-60|HIGH|CLOSED|AUTO,41.0,24.0,15.0,13.0,1584933.97,1213341.45,15383723.85,8724639.12,36.58536585365854,54.166666666666664,17.581300813008127,10.302667842025778,13.907067482236446,3.6043996402106675
31-60|HIGH|CLOSED|BNPL,34.0,24.0,12.0,11.0,1174555.18,953625.72,11127936.23,9562150.48,35.294117647058826,45.83333333333333,10.539215686274503,10.555013577751243,9.972921070365752,-0.5820925073854912
31-60|HIGH|CLOSED|CONSUMER,38.0,33.0,18.0,15.0,1489690.95,1738469.84,11993083.32,12882460.14,47.368421052631575,45.45454545454545,-1.913875598086122,12.42125073471098,13.494859065017065,1.0736083303060848
31-60|HIGH|CLOSED|CREDIT_CARD,39.0,27.0,19.0,8.0,1775094.01,969755.46,13589333.97,8240299.34,48.717948717948715,29.629629629629626,-19.08831908831909,13.062406251246175,11.768449421401723,-1.2939568298444524
31-60|HIGH|CLOSED|PERSONAL,30.0,27.0,10.0,17.0,587037.99,1775854.33,11060818.99,10528090.0,33.33333333333333,62.96296296296296,29.629629629629633,5.307364586028724,16.86777307184874,11.560408485820018
31-60|HIGH|PAID|AUTO,51.0,37.0,21.0,23.0,2256138.93,2691662.38,17425535.21,13134754.07,41.17647058823529,62.16216216216216,20.98569157392687,12.947314976617008,20.492674363411204,7.545359386794196
31-60|HIGH|PAID|BNPL,23.0,31.0,9.0,19.0,1280732.79,1967051.51,6284647.12,12493912.74,39.130434782608695,61.29032258064516,22.159887798036465,20.378754217150064,15.744079144256935,-4.634675072893129
31-60|HIGH|PAID|CONSUMER,41.0,29.0,13.0,15.0,1085132.82,1832518.1,14722504.74,9131322.64,31.70731707317073,51.724137931034484,20.016820857863753,7.370572053896312,20.068484843286623,12.69791278939031
31-60|HIGH|PAID|CREDIT_CARD,31.0,33.0,13.0,16.0,1578775.87,2098357.34,12030803.49,11282793.54,41.935483870967744,48.484848484848484,6.549364613880741,13.122779964881632,18.597852850545028,5.475072885663396
31-60|HIGH|PAID|PERSONAL,32.0,26.0,16.0,15.0,1914249.81,1577828.55,10805878.55,8674287.629999999,50.0,57.692307692307686,7.692307692307686,17.7148928811531,18.189719055926673,0.4748261747735718
31-60|HIGH|WRITEOFF|AUTO,44.0,36.0,20.0,14.0,2181449.71,1003613.1,13138918.87,11040724.37,45.45454545454545,38.88888888888889,-6.56565656565656,16.602962021334104,9.090101938664736,-7.512860082669368
31-60|HIGH|WRITEOFF|BNPL,40.0,35.0,17.0,12.0,1620080.85,1226910.78,13844140.129999999,12166878.16,42.5,34.285714285714285,-8.214285714285715,11.702285839257828,10.084022901072595,-1.6182629381852323
31-60|HIGH|WRITEOFF|CONSUMER,30.0,29.0,16.0,12.0,1290535.26,1365166.74,11635859.91,10087583.61,53.333333333333336,41.37931034482759,-11.954022988505749,11.09101750950867,13.533139280716208,2.442121771207537
31-60|HIGH|WRITEOFF|CREDIT_CARD,38.0,34.0,15.0,18.0,2183403.43,1493848.85,15076931.46,11836831.870000001,39.473684210526315,52.94117647058824,13.467492260061924,14.481749391729343,12.620343571712825,-1.8614058200165182
31-60|HIGH|WRITEOFF|PERSONAL,41.0,24.0,18.0,11.0,1808911.55,958080.38,14405576.97,8686580.87,43.90243902439025,45.83333333333333,1.9308943089430812,12.557022559853776,11.02943027110735,-1.5275922887464262
31-60|LOW|ACTIVE|AUTO,36.0,41.0,22.0,14.0,2314897.17,1046574.62,12266922.76,15158816.11,61.111111111111114,34.146341463414636,-26.964769647696478,18.87105034645217,6.904065676405913,-11.966984670046255
31-60|LOW|ACTIVE|BNPL,38.0,29.0,17.0,16.0,1317015.91,1912570.3199999998,14835778.89,7319195.600000001,44.73684210526316,55.172413793103445,10.435571687840287,8.877295353112396,26.13088137718303,17.253586024070636
31-60|LOW|ACTIVE|CONSUMER,43.0,22.0,16.0,9.0,1475808.29,493492.9,12642550.68,8301502.07,37.2093023255814,40.909090909090914,3.699788583509516,11.673342882735433,5.944621778550011,-5.728721104185422
31-60|LOW|ACTIVE|CREDIT_CARD,45.0,28.0,21.0,14.0,2448733.69,1477892.62,14181635.07,9002919.35,46.666666666666664,50.0,3.3333333333333357,17.26693486268082,16.415704312623884,-0.8512305500569362
31-60|LOW|ACTIVE|PERSONAL,32.0,27.0,15.0,12.0,975006.3099999999,1435105.1,11432079.61,10036601.03,46.875,44.44444444444444,-2.430555555555557,8.528687196572102,14.298716225845636,5.770029029273534
31-60|LOW|CLOSED|AUTO,46.0,25.0,21.0,10.0,1563155.05,1264913.49,17594699.47,8435487.0,45.65217391304348,40.0,-5.652173913043477,8.884238418878775,14.995144797212065,6.11090637833329
31-60|LOW|CLOSED|BNPL,47.0,52.0,16.0,28.0,1581771.4000000001,2696982.23,16518110.64,17770451.16,34.04255319148936,53.84615384615385,19.803600654664486,9.57598259554944,15.176779732361053,5.600797136811613
31-60|LOW|CLOSED|CONSUMER,41.0,21.0,23.0,13.0,2282502.2399999998,936309.24,14054128.74,7392046.5,56.09756097560976,61.904761904761905,5.807200929152145,16.240795016368974,12.666441424577076,-3.5743535917918976
31-60|LOW|CLOSED|CREDIT_CARD,35.0,30.0,15.0,15.0,1119386.0,1449547.73,13139258.74,7198758.83,42.857142857142854,50.0,7.142857142857146,8.5193999307757,20.13607851341229,11.61667858263659
31-60|LOW|CLOSED|PERSONAL,36.0,31.0,20.0,11.0,2455398.9699999997,1406331.11,12844448.31,10829074.81,55.55555555555556,35.483870967741936,-20.07168458781362,19.116422214010996,12.986622908000761,-6.129799306010234
31-60|LOW|PAID|AUTO,43.0,34.0,18.0,16.0,1876684.78,1816958.7799999998,15850696.16,12453312.25,41.86046511627907,47.05882352941176,5.198358413132688,11.83976250037462,14.59016479732129,2.7504022969466693
31-60|LOW|PAID|BNPL,34.0,37.0,18.0,16.0,1399265.99,991762.9199999999,13130698.79,11007268.89,52.94117647058824,43.24324324324324,-9.697933227344997,10.656447249141415,9.01007261575128,-1.6463746333901348
31-60|LOW|PAID|CONSUMER,32.0,38.0,14.0,17.0,1123959.0,1827801.04,11501967.73,13629061.370000001,43.75,44.73684210526316,0.9868421052631575,9.771884484325536,13.411055907513314,3.6391714231877774
31-60|LOW|PAID|CREDIT_CARD,40.0,24.0,18.0,13.0,1493374.02,1620527.29,15118305.06,8752215.8,45.0,54.166666666666664,9.166666666666664,9.8779196085358,18.515623095125235,8.637703486589436
31-60|LOW|PAID|PERSONAL,30.0,40.0,12.0,17.0,1237744.1,2106674.46,12219978.5,13453935.97,40.0,42.5,2.5,10.128856609690436,15.658424900323054,5.529568290632618
31-60|LOW|WRITEOFF|AUTO,44.0,36.0,24.0,18.0,1976394.88,1254918.3,12459701.74,14620186.68,54.54545454545454,50.0,-4.54545454545454,15.862296877100043,8.583462902814317,-7.278833974285726
31-60|LOW|WRITEOFF|BNPL,40.0,22.0,23.0,8.0,2885961.56,698145.73,13219984.19,6471616.04,57.49999999999999,36.36363636363637,-21.136363636363626,21.830295093567734,10.787811354766342,-11.042483738801392
31-60|LOW|WRITEOFF|CONSUMER,46.0,37.0,22.0,21.0,1962058.43,2270436.21,16372590.58,14074332.790000001,47.82608695652174,56.75675675675676,8.930669800235016,11.983799511830217,16.131750214213884,4.1479507023836675
31-60|LOW|WRITEOFF|CREDIT_CARD,36.0,34.0,20.0,17.0,2108023.64,1485663.13,12969732.66,11099630.04,55.55555555555556,50.0,-5.555555555555557,16.25340857257115,13.384798634243488,-2.868609938327662
31-60|LOW|WRITEOFF|PERSONAL,45.0,34.0,21.0,18.0,1974804.22,2011443.17,15900585.53,13511997.79,46.666666666666664,52.94117647058824,6.274509803921575,12.419694962013137,14.886349163619869,2.4666542016067314
31-60|MEDIUM|ACTIVE|AUTO,35.0,36.0,14.0,14.0,1538672.2,1793345.08,11520781.48,12738788.52,40.0,38.88888888888889,-1.1111111111111072,13.355623511053697,14.077830691548368,0.7222071804946708
31-60|MEDIUM|ACTIVE|BNPL,37.0,34.0,15.0,12.0,1951856.4,1071799.3599999999,13944859.11,11425375.6,40.54054054054054,35.294117647058826,-5.246422893481714,13.996960346485709,9.380867618916614,-4.616092727569095
31-60|MEDIUM|ACTIVE|CONSUMER,50.0,31.0,24.0,18.0,2369962.63,1966051.22,18317071.38,11858281.03,48.0,58.06451612903226,10.064516129032263,12.938545583153152,16.579563387190195,3.641017804037043
31-60|MEDIUM|ACTIVE|CREDIT_CARD,42.0,32.0,20.0,14.0,2069962.85,1232063.8800000001,14925951.98,10680076.54,47.61904761904761,43.75,-3.8690476190476133,13.868213248800764,11.536095976330898,-2.3321172724698656
31-60|MEDIUM|ACTIVE|PERSONAL,31.0,26.0,16.0,11.0,1833323.74,1085324.77,10379458.63,8435916.97,51.61290322580645,42.30769230769231,-9.305210918114142,17.662999635656334,12.865522193493092,-4.797477442163242
31-60|MEDIUM|CLOSED|AUTO,36.0,35.0,17.0,16.0,1791134.06,1793792.02,11841602.5,14054760.6,47.22222222222222,45.714285714285715,-1.5079365079365061,15.125774235370592,12.762878508225889,-2.3628957271447035
31-60|MEDIUM|CLOSED|BNPL,33.0,36.0,14.0,17.0,1331569.5699999998,1477874.35,10510467.5,14203811.22,42.42424242424242,47.22222222222222,4.797979797979799,12.668985180725784,10.404773247894518,-2.264211932831266
31-60|MEDIUM|CLOSED|CONSUMER,35.0,28.0,17.0,13.0,1950013.53,1590950.19,14464218.46,10170257.13,48.57142857142857,46.42857142857143,-2.142857142857139,13.481637707510123,15.643165847862884,2.161528140352761
31-60|MEDIUM|CLOSED|CREDIT_CARD,46.0,37.0,26.0,18.0,2717378.88,1236708.92,14603205.78,13299620.26,56.52173913043478,48.64864864864865,-7.873090481786129,18.608098255532493,9.298828807312127,-9.309269448220366
31-60|MEDIUM|CLOSED|PERSONAL,35.0,31.0,15.0,11.0,1210095.64,1147324.78,11443946.81,10973155.42,42.857142857142854,35.483870967741936,-7.373271889400918,10.574111013366375,10.45574163570901,-0.11836937765736444
31-60|MEDIUM|PAID|AUTO,38.0,40.0,20.0,16.0,1466498.53,1670652.6,11552641.2,14089004.74,52.63157894736842,40.0,-12.631578947368418,12.694054152742146,11.857846816225857,-0.8362073365162885
31-60|MEDIUM|PAID|BNPL,27.0,27.0,7.0,16.0,533482.9,1652830.5899999999,9115488.32,7936651.68,25.925925925925924,59.25925925925925,33.33333333333333,5.852488438052214,20.825288253043254,14.97279981499104
31-60|MEDIUM|PAID|CONSUMER,40.0,22.0,16.0,15.0,1534642.8,1942452.8900000001,15929935.15,8808238.1,40.0,68.18181818181817,28.181818181818173,9.63370400161359,22.052683725704465,12.418979724090875
31-60|MEDIUM|PAID|CREDIT_CARD,34.0,27.0,13.0,9.0,1478587.75,816613.6699999999,12428512.66,10516292.64,38.23529411764706,33.33333333333333,-4.901960784313729,11.896739299777161,7.765223904990151,-4.1315153947870105
31-60|MEDIUM|PAID|PERSONAL,36.0,22.0,18.0,10.0,1942601.0699999998,1433775.46,10882317.49,8976752.84,50.0,45.45454545454545,-4.545454545454547,17.850986904077175,15.972094648870828,-1.8788922552063472
31-60|MEDIUM|WRITEOFF|AUTO,38.0,31.0,15.0,13.0,986987.53,1238881.83,15360240.41,10158256.79,39.473684210526315,41.935483870967744,2.4617996604414287,6.425599493595426,12.19581130514028,5.770211811544854
31-60|MEDIUM|WRITEOFF|BNPL,37.0,43.0,14.0,26.0,1121010.18,2235888.13,11250446.25,14157757.17,37.83783783783784,60.46511627906976,22.627278441231923,9.964139689125664,15.792671841679848,5.8285321525541836
31-60|MEDIUM|WRITEOFF|CONSUMER,32.0,39.0,14.0,17.0,1283951.75,1662367.19,8651340.6,13503961.95,43.75,43.58974358974359,-0.1602564102564088,14.841072723457449,12.310218261537683,-2.530854461919766
31-60|MEDIUM|WRITEOFF|CREDIT_CARD,35.0,24.0,16.0,12.0,1269115.71,1599996.1199999999,12893381.620000001,9009622.06,45.714285714285715,50.0,4.285714285714285,9.843156337134772,17.758748472963134,7.915592135828362
31-60|MEDIUM|WRITEOFF|PERSONAL,34.0,27.0,14.0,13.0,1409268.57,1401132.6,11001303.89,8666087.65,41.17647058823529,48.148148148148145,6.971677559912855,12.810014013711605,16.16799479289827,3.357980779186665
31-60|NPA|ACTIVE|AUTO,35.0,27.0,18.0,12.0,1728113.48,788184.08,12593825.01,9606381.39,51.42857142857142,44.44444444444444,-6.984126984126981,13.721911163826785,8.204796874091212,-5.517114289735574
31-60|NPA|ACTIVE|BNPL,38.0,20.0,20.0,12.0,2098822.46,1568336.98,11580366.56,6737380.63,52.63157894736842,60.0,7.368421052631582,18.123972580018226,23.27814125591417,5.154168675895946
31-60|NPA|ACTIVE|CONSUMER,44.0,27.0,16.0,14.0,1773856.07,1402600.98,15265017.15,9022273.79,36.36363636363637,51.85185185185185,15.48821548821548,11.620400112030008,15.545981120131803,3.925581008101794
31-60|NPA|ACTIVE|CREDIT_CARD,41.0,29.0,23.0,12.0,2182497.7600000002,1181119.67,11952459.92,9156546.06,56.09756097560976,41.37931034482759,-14.718250630782173,18.259820778382498,12.899183406717881,-5.360637371664616
31-60|NPA|ACTIVE|PERSONAL,38.0,39.0,18.0,14.0,1946746.45,1341097.5899999999,13461737.06,15911399.64,47.368421052631575,35.8974358974359,-11.470985155195677,14.461331708702977,8.428533129345746,-6.03279857935723
31-60|NPA|CLOSED|AUTO,42.0,31.0,17.0,17.0,1898189.64,1685243.86,15322184.120000001,11403711.51,40.476190476190474,54.83870967741935,14.362519201228878,12.388505614694308,14.778029578547274,2.389523963852966
31-60|NPA|CLOSED|BNPL,31.0,31.0,7.0,14.0,557263.62,667062.24,8467915.0,8156997.5,22.58064516129032,45.16129032258064,22.58064516129032,6.580883487847953,8.177791399347615,1.5969079114996623
31-60|NPA|CLOSED|CONSUMER,37.0,36.0,18.0,14.0,1744917.96,1159932.48,13520664.31,13725583.4,48.64864864864865,38.88888888888889,-9.75975975975976,12.905563809534442,8.450879253700794,-4.454684555833648
31-60|NPA|CLOSED|CREDIT_CARD,35.0,34.0,18.0,21.0,1931571.04,1904665.93,13195692.290000001,10499146.49,51.42857142857142,61.76470588235294,10.336134453781519,14.63789089310448,18.14115015743532,3.50325926433084
31-60|NPA|CLOSED|PERSONAL,41.0,29.0,18.0,19.0,1907962.66,1719247.56,14274146.45,10386112.790000001,43.90243902439025,65.51724137931035,21.6148023549201,13.366562173670285,16.55333034371948,3.186768170049195
31-60|NPA|PAID|AUTO,37.0,22.0,13.0,15.0,1523045.4300000002,1284972.1300000001,12233275.06,7519662.55,35.13513513513514,68.18181818181817,33.046683046683036,12.450021948578668,17.088162154297738,4.63814020571907
31-60|NPA|PAID|BNPL,33.0,27.0,9.0,16.0,773013.7200000001,1307436.02,10961929.28,7317533.5,27.27272727272727,59.25925925925925,31.986531986531983,7.051803567191049,17.867168220002,10.81536465281095
31-60|NPA|PAID|CONSUMER,37.0,34.0,19.0,23.0,2075864.4000000001,2521755.28,12283035.94,9008117.19,51.35135135135135,67.64705882352942,16.295707472178073,16.900255035808357,27.99425481275294,11.093999776944582
31-60|NPA|PAID|CREDIT_CARD,51.0,33.0,25.0,13.0,2427155.58,1113489.27,18826202.43,13395836.61,49.01960784313725,39.39393939393939,-9.62566844919786,12.892433240451458,8.312204025904434,-4.580229214547025
31-60|NPA|PAID|PERSONAL,35.0,31.0,15.0,14.0,1556914.6199999999,1291832.1400000001,14192429.52,11402758.84,42.857142857142854,45.16129032258064,2.3041474654377865,10.970035946319076,11.329119190597565,0.35908324427848903
31-60|NPA|WRITEOFF|AUTO,32.0,35.0,11.0,17.0,987286.93,1652600.44,11721046.71,11511348.12,34.375,48.57142857142857,14.19642857142857,8.423197641194282,14.356271939415555,5.933074298221273
31-60|NPA|WRITEOFF|BNPL,31.0,30.0,20.0,16.0,2125794.43,1707263.51,10947843.45,9147796.24,64.51612903225806,53.333333333333336,-11.182795698924728,19.417471940558308,18.663112570596567,-0.7543593699617404
31-60|NPA|WRITEOFF|CONSUMER,36.0,35.0,9.0,16.0,989107.6699999999,1635565.31,13716906.96,12994692.91,25.0,45.714285714285715,20.714285714285715,7.210865196391183,12.58640986230124,5.3755446659100565
31-60|NPA|WRITEOFF|CREDIT_CARD,47.0,42.0,19.0,24.0,2188785.6,2554440.4,15616585.54,12892267.86,40.42553191489361,57.14285714285714,16.717325227963528,14.015775691771355,19.81373973717608,5.797964045404724
31-60|NPA|WRITEOFF|PERSONAL,44.0,22.0,19.0,8.0,1747426.71,475509.07,14823374.61,6400344.58,43.18181818181818,36.36363636363637,-6.818181818181813,11.788319164660171,7.429429213637745,-4.358889951022427
61-90|HIGH|ACTIVE|AUTO,45.0,29.0,21.0,19.0,2058325.09,1639450.78,15893255.82,9545551.95,46.666666666666664,65.51724137931035,18.850574712643684,12.950934115147215,17.17502338877324,4.224089273626026
61-90|HIGH|ACTIVE|BNPL,45.0,21.0,13.0,11.0,1396429.35,924297.41,14860168.48,7433713.77,28.888888888888886,52.38095238095239,23.4920634920635,9.397129998084653,12.433857942313537,3.0367279442288844
61-90|HIGH|ACTIVE|CONSUMER,38.0,31.0,19.0,14.0,1425412.7,1534054.33,13404578.4,11339076.71,50.0,45.16129032258064,-4.838709677419359,10.633774949609753,13.528917470388999,2.8951425207792454
61-90|HIGH|ACTIVE|CREDIT_CARD,32.0,35.0,10.0,10.0,1023035.5900000001,1122933.05,9364793.36,13343517.47,31.25,28.57142857142857,-2.6785714285714306,10.924272972959653,8.41556997639244,-2.5087029965672123
61-90|HIGH|ACTIVE|PERSONAL,42.0,20.0,10.0,7.0,969948.31,917031.0800000001,14518106.84,7398009.41,23.809523809523807,35.0,11.190476190476193,6.68095586214876,12.395646303996795,5.714690441848035
61-90|HIGH|CLOSED|AUTO,51.0,29.0,21.0,14.0,2275244.96,1522453.31,16329108.120000001,11391261.12,41.17647058823529,48.275862068965516,7.099391480730226,13.933675637882908,13.365098859220955,-0.5685767786619529
61-90|HIGH|CLOSED|BNPL,39.0,25.0,20.0,8.0,1544651.72,669837.75,14980779.25,10186159.29,51.28205128205128,32.0,-19.282051282051277,10.310890336362176,6.575959897442366,-3.73493043891981
61-90|HIGH|CLOSED|CONSUMER,26.0,35.0,5.0,21.0,395491.77,2247245.64,8242124.649999999,12348086.81,19.230769230769234,60.0,40.76923076923077,4.798420150076231,18.199140276371285,13.400720126295054
61-90|HIGH|CLOSED|CREDIT_CARD,44.0,26.0,23.0,17.0,2647373.05,1758432.39,17809608.580000002,10110801.59,52.27272727272727,65.38461538461539,13.111888111888113,14.864858136034337,17.39162196337788,2.526763827343542
61-90|HIGH|CLOSED|PERSONAL,38.0,33.0,17.0,18.0,1424326.76,1629580.4000000001,13445887.17,9217414.370000001,44.73684210526316,54.54545454545454,9.808612440191382,10.593029243752014,17.679365759055052,7.086336515303039
61-90|HIGH|PAID|AUTO,33.0,32.0,12.0,12.0,1013775.88,785577.9,12151116.35,10353768.26,36.36363636363637,37.5,1.1363636363636331,8.343067836725965,7.587362207390182,-0.7557056293357824
61-90|HIGH|PAID|BNPL,26.0,26.0,7.0,9.0,883098.01,678637.02,8663787.32,8880619.69,26.923076923076923,34.61538461538461,7.69230769230769,10.192978859965828,7.641775503168743,-2.5512033567970853
61-90|HIGH|PAID|CONSUMER,35.0,30.0,13.0,15.0,1777450.24,1668261.04,12207020.32,7507146.14,37.142857142857146,50.0,12.857142857142854,14.560885403687113,22.222306704688716,7.661421301001603
61-90|HIGH|PAID|CREDIT_CARD,37.0,36.0,14.0,16.0,1509083.36,1449362.4,14878229.27,12456799.84,37.83783783783784,44.44444444444444,6.606606606606604,10.142896258783086,11.63511029009197,1.4922140313088832
61-90|HIGH|PAID|PERSONAL,49.0,33.0,24.0,18.0,2455542.48,1611178.05,17653563.47,12638185.36,48.97959183673469,54.54545454545454,5.565862708719848,13.909613683225396,12.748492003443761,-1.161121679781635
61-90|HIGH|WRITEOFF|AUTO,31.0,26.0,16.0,16.0,1822659.44,1080635.47,10146620.93,8049027.29,51.61290322580645,61.53846153846154,9.925558312655092,17.9632160556135,13.425665376269336,-4.5375506793441645
61-90|HIGH|WRITEOFF|BNPL,33.0,22.0,13.0,10.0,1194597.69,1017366.88,11671802.120000001,7201685.94,39.39393939393939,45.45454545454545,6.060606060606062,10.234903554036604,14.126787650503958,3.8918840964673542
61-90|HIGH|WRITEOFF|CONSUMER,38.0,31.0,18.0,13.0,1834050.65,1318816.33,14893641.91,8680175.91,47.368421052631575,41.935483870967744,-5.432937181663831,12.314319500112111,15.1934286087527,2.8791091086405896
61-90|HIGH|WRITEOFF|CREDIT_CARD,37.0,37.0,9.0,20.0,749586.36,2398677.56,13056281.79,13670495.61,24.324324324324326,54.054054054054056,29.72972972972973,5.7411931823815205,17.54638330921493,11.805190126833411
61-90|HIGH|WRITEOFF|PERSONAL,43.0,45.0,20.0,32.0,2812152.91,3234273.11,14184488.78,17803740.86,46.51162790697674,71.11111111111111,24.599483204134373,19.82554996247105,18.166255819115534,-1.6592941433555168
61-90|LOW|ACTIVE|AUTO,37.0,30.0,21.0,12.0,2413724.09,1259473.3599999999,14399227.66,10800758.88,56.75675675675676,40.0,-16.756756756756758,16.762871919201256,11.660970992808608,-5.1019009263926485
61-90|LOW|ACTIVE|BNPL,32.0,24.0,9.0,8.0,1128099.03,528104.44,10647470.38,7451815.43,28.125,33.33333333333333,5.208333333333329,10.59499571014538,7.08692324656785,-3.5080724635775296
61-90|LOW|ACTIVE|CONSUMER,30.0,41.0,18.0,22.0,1782601.65,1800439.88,10923978.16,14663874.36,60.0,53.65853658536586,-6.341463414634141,16.31824619100117,12.278064008180714,-4.040182182820455
61-90|LOW|ACTIVE|CREDIT_CARD,37.0,21.0,15.0,9.0,1325636.1,637303.53,10881138.41,6438443.61,40.54054054054054,42.857142857142854,2.3166023166023137,12.18288059622247,9.89840974937109,-2.284470846851379
61-90|LOW|ACTIVE|PERSONAL,39.0,32.0,19.0,15.0,1553246.25,1356609.47,13908812.120000001,12648222.83,48.717948717948715,46.875,-1.8429487179487154,11.16735373660364,10.725692361952165,-0.4416613746514759
61-90|LOW|CLOSED|AUTO,47.0,25.0,20.0,10.0,2157940.79,701322.08,14661591.49,8907536.25,42.5531914893617,40.0,-2.5531914893617014,14.718325711583443,7.873356451398106,-6.844969260185337
61-90|LOW|CLOSED|BNPL,43.0,45.0,16.0,19.0,1499094.56,1818775.2,14734207.09,15011265.67,37.2093023255814,42.22222222222222,5.012919896640824,10.174246573590137,12.116068291528679,1.9418217179385415
61-90|LOW|CLOSED|CONSUMER,30.0,23.0,8.0,9.0,744779.39,821378.12,10125952.65,7865400.23,26.666666666666668,39.130434782608695,12.463768115942027,7.355153788912888,10.44292847129535,3.0877746823824612
61-90|LOW|CLOSED|CREDIT_CARD,41.0,31.0,21.0,12.0,1708250.6099999999,1289566.38,14818533.7,10745479.53,51.21951219512195,38.70967741935484,-12.50983477576711,11.527797854925415,12.001012857543454,0.47321500261803884
61-90|LOW|CLOSED|PERSONAL,45.0,36.0,16.0,17.0,1292252.75,1486656.27,15281789.21,10960275.72,35.55555555555556,47.22222222222222,11.666666666666664,8.456161331909904,13.56404079586421,5.107879463954307
61-90|LOW|PAID|AUTO,37.0,34.0,19.0,12.0,1918505.65,1059078.49,14533691.34,10626053.44,51.35135135135135,35.294117647058826,-16.05723370429252,13.20040177762575,9.966809370761078,-3.2335924068646715
61-90|LOW|PAID|BNPL,42.0,37.0,16.0,16.0,2084100.67,1520636.6199999999,14819211.17,14268074.05,38.095238095238095,43.24324324324324,5.148005148005147,14.063506121156111,10.657616540755196,-3.405889580400915
61-90|LOW|PAID|CONSUMER,33.0,21.0,14.0,12.0,1620541.03,781605.36,11667108.56,6719590.18,42.42424242424242,57.14285714285714,14.718614718614717,13.889825586743317,11.631741505997617,-2.2580840807457
61-90|LOW|PAID|CREDIT_CARD,46.0,28.0,20.0,16.0,1886910.74,1912172.54,15609886.01,10165839.45,43.47826086956522,57.14285714285714,13.66459627329192,12.087921326210889,18.809784960749113,6.721863634538224
61-90|LOW|PAID|PERSONAL,45.0,32.0,21.0,15.0,1496048.12,1422543.72,17106957.09,12102496.79,46.666666666666664,46.875,0.2083333333333357,8.745261428606296,11.754134247533232,3.0088728189269354
61-90|LOW|WRITEOFF|AUTO,29.0,37.0,9.0,19.0,1108868.2,2194575.33,10491664.2,13667882.39,31.03448275862069,51.35135135135135,20.316868592730657,10.569040133785448,16.056439961801576,5.4873998280161285
61-90|LOW|WRITEOFF|BNPL,39.0,37.0,16.0,21.0,1446281.82,2440446.85,12292952.209999999,12871696.17,41.02564102564102,56.75675675675676,15.731115731115736,11.765130094815525,18.959792227600413,7.194662132784888
61-90|LOW|WRITEOFF|CONSUMER,46.0,37.0,23.0,16.0,1987158.88,1578007.89,15374678.06,14257613.06,50.0,43.24324324324324,-6.756756756756758,12.924881238131109,11.067826594530963,-1.8570546436001454
61-90|LOW|WRITEOFF|CREDIT_CARD,36.0,20.0,19.0,11.0,2045068.7,724378.91,11528385.28,7793891.87,52.77777777777778,55.00000000000001,2.2222222222222285,17.73942013846366,9.294187321077114,-8.445232817386547
61-90|LOW|WRITEOFF|PERSONAL,44.0,13.0,18.0,7.0,1858738.04,508145.22,13013289.74,4378977.71,40.909090909090914,53.84615384615385,12.937062937062933,14.2833831962309,11.60419745548328,-2.67918574074762
61-90|MEDIUM|ACTIVE|AUTO,32.0,27.0,16.0,15.0,1674020.21,1271239.36,13077963.66,8790254.95,50.0,55.55555555555556,5.555555555555557,12.800312445584513,14.461916829841211,1.661604384256698
61-90|MEDIUM|ACTIVE|BNPL,34.0,36.0,17.0,17.0,1503130.15,1617439.78,11858744.1,11273456.85,50.0,47.22222222222222,-2.7777777777777786,12.675289535929862,14.347327545765168,1.6720380098353065
61-90|MEDIUM|ACTIVE|CONSUMER,39.0,36.0,14.0,18.0,1225585.15,1219546.08,14627767.72,11627999.92,35.8974358974359,50.0,14.102564102564102,8.378483808737974,10.488012456057879,2.1095286473199053
61-90|MEDIUM|ACTIVE|CREDIT_CARD,36.0,38.0,12.0,14.0,1098397.63,1564815.18,13557249.379999999,12514875.31,33.33333333333333,36.84210526315789,3.5087719298245617,8.10192096650803,12.503641796172237,4.401720829664207
61-90|MEDIUM|ACTIVE|PERSONAL,43.0,26.0,18.0,11.0,1382300.15,1125447.04,16501917.55,10500043.52,41.86046511627907,42.30769230769231,0.4472271914132335,8.3766031784591,10.718498812469685,2.3418956340105854
61-90|MEDIUM|CLOSED|AUTO,44.0,34.0,24.0,13.0,2235932.78,1323802.76,16646688.78,10568859.3,54.54545454545454,38.23529411764706,-16.31016042780748,13.431696895098677,12.525502728567877,-0.9061941665307991
61-90|MEDIUM|CLOSED|BNPL,46.0,31.0,27.0,15.0,2729966.27,1912211.4100000001,16495432.06,12808203.13,58.69565217391305,48.38709677419355,-10.308555399719495,16.549831856904994,14.92958372530121,-1.620248131603784
61-90|MEDIUM|CLOSED|CONSUMER,35.0,30.0,17.0,14.0,1827858.44,1790009.76,11450867.81,11576372.51,48.57142857142857,46.666666666666664,-1.904761904761905,15.962619343170987,15.462613685364207,-0.5000056578067795
61-90|MEDIUM|CLOSED|CREDIT_CARD,33.0,22.0,17.0,9.0,1499363.5,988884.61,11680406.18,8722206.97,51.515151515151516,40.909090909090914,-10.606060606060602,12.836569866614006,11.337550386057853,-1.4990194805561536
61-90|MEDIUM|CLOSED|PERSONAL,35.0,23.0,16.0,8.0,1226516.26,435122.87,11081570.33,7290161.93,45.714285714285715,34.78260869565217,-10.931677018633543,11.06807269615551,5.968631069899979,-5.09944162625553
61-90|MEDIUM|PAID|AUTO,41.0,30.0,18.0,17.0,1996273.41,1820956.9100000001,14604735.46,7848892.06,43.90243902439025,56.666666666666664,12.764227642276417,13.668672160940323,23.20017775859183,9.531505597651508
61-90|MEDIUM|PAID|BNPL,36.0,31.0,20.0,12.0,2074010.74,1469503.13,12887239.08,13652063.53,55.55555555555556,38.70967741935484,-16.845878136200717,16.09352264767637,10.763963460694502,-5.329559186981868
61-90|MEDIUM|PAID|CONSUMER,39.0,33.0,14.0,19.0,1454457.51,2452059.88,14374823.62,8644091.57,35.8974358974359,57.57575757575758,21.67832167832168,10.118089435034056,28.366889223039543,18.248799788005485
61-90|MEDIUM|PAID|CREDIT_CARD,28.0,29.0,11.0,8.0,1412450.6199999999,944212.26,10146564.01,10841163.64,39.285714285714285,27.586206896551722,-11.699507389162562,13.920482033208007,8.709510264342804,-5.210971768865203
61-90|MEDIUM|PAID|PERSONAL,32.0,42.0,15.0,25.0,1554360.05,2532111.83,9787104.74,14987898.67,46.875,59.523809523809526,12.648809523809526,15.881714677552333,16.89437516059748,1.0126604830451473
61-90|MEDIUM|WRITEOFF|AUTO,41.0,32.0,15.0,17.0,1443528.1199999999,1708844.62,14849472.14,11338428.69,36.58536585365854,53.125,16.539634146341463,9.721073627335011,15.071264870300121,5.35019124296511
61-90|MEDIUM|WRITEOFF|BNPL,39.0,31.0,19.0,11.0,2088208.94,1096638.57,12937947.45,11088860.72,48.717948717948715,35.483870967741936,-13.23407775020678,16.140187213389865,9.889551304599667,-6.250635908790198
61-90|MEDIUM|WRITEOFF|CONSUMER,42.0,25.0,19.0,15.0,1944038.83,1375525.7,13011306.6,7200072.67,45.23809523809524,60.0,14.76190476190476,14.941149953379778,19.104330790039096,4.163180836659318
61-90|MEDIUM|WRITEOFF|CREDIT_CARD,40.0,41.0,15.0,18.0,1533914.64,1440367.3800000001,13753047.0,15378315.55,37.5,43.90243902439025,6.402439024390247,11.153271271449883,9.366223337769917,-1.7870479336799665
61-90|MEDIUM|WRITEOFF|PERSONAL,26.0,25.0,13.0,10.0,1129390.67,781138.36,10959494.57,10018998.620000001,50.0,40.0,-10.0,10.305134628119989,7.796571190664562,-2.508563437455427
61-90|NPA|ACTIVE|AUTO,42.0,37.0,20.0,11.0,2298843.29,1218290.54,12648654.64,12841306.3,47.61904761904761,29.72972972972973,-17.889317889317883,18.17460714541258,9.487278875981643,-8.687328269430937
61-90|NPA|ACTIVE|BNPL,40.0,32.0,18.0,18.0,1296275.63,1661436.91,13979451.68,11190916.42,45.0,56.25,11.25,9.272721560707165,14.84629897718421,5.573577416477045
61-90|NPA|ACTIVE|CONSUMER,31.0,35.0,19.0,10.0,1777129.49,1038816.08,11661639.71,11362337.74,61.29032258064516,28.57142857142857,-32.71889400921659,15.239104741643573,9.142626313095318,-6.096478428548254
61-90|NPA|ACTIVE|CREDIT_CARD,41.0,24.0,22.0,8.0,2702380.93,1095031.63,14562271.87,7932525.42,53.65853658536586,33.33333333333333,-20.32520325203253,18.557412978720883,13.804325508231399,-4.7530874704894845
61-90|NPA|ACTIVE|PERSONAL,32.0,33.0,12.0,12.0,1249474.6400000001,1077167.48,10607556.09,10281664.72,37.5,36.36363636363637,-1.1363636363636331,11.779100005682837,10.476586324631679,-1.302513681051158
61-90|NPA|CLOSED|AUTO,42.0,32.0,23.0,14.0,2258090.0100000002,1156580.02,11023685.91,12715402.05,54.761904761904766,43.75,-11.011904761904766,20.483983564441015,9.095898151329001,-11.388085413112014
61-90|NPA|CLOSED|BNPL,42.0,30.0,12.0,20.0,1239048.61,1868546.81,15434723.55,10956726.81,28.57142857142857,66.66666666666666,38.09523809523809,8.027669598267602,17.053877881618916,9.026208283351314
61-90|NPA|CLOSED|CONSUMER,30.0,29.0,9.0,13.0,963393.5499999999,1097346.63,10436289.38,9007457.04,30.0,44.827586206896555,14.827586206896555,9.23118854720757,12.182646279931634,2.951457732724064
61-90|NPA|CLOSED|CREDIT_CARD,41.0,26.0,18.0,10.0,1635674.12,694028.31,14126963.06,9446730.96,43.90243902439025,38.46153846153847,-5.44090056285178,11.578384632655789,7.346756385237417,-4.231628247418372
61-90|NPA|CLOSED|PERSONAL,44.0,32.0,19.0,12.0,1746816.9400000002,1108738.53,12444615.27,11932156.63,43.18181818181818,37.5,-5.68181818181818,14.03672915635262,9.292021252992889,-4.744707903359732
61-90|NPA|PAID|AUTO,35.0,29.0,19.0,9.0,2102583.65,970280.8200000001,13007858.33,8011034.0600000005,54.285714285714285,31.03448275862069,-23.251231527093594,16.163949488524295,12.111804952181167,-4.052144536343128
61-90|NPA|PAID|BNPL,41.0,39.0,13.0,15.0,1157477.75,1432200.71,13866131.040000001,10611146.76,31.70731707317073,38.46153846153847,6.754221388367736,8.347517751426068,13.49713412125119,5.149616369825122
61-90|NPA|PAID|CONSUMER,37.0,19.0,22.0,6.0,2248654.88,467553.69999999995,14462498.77,5865446.66,59.45945945945946,31.57894736842105,-27.88051209103841,15.548176810666032,7.971323022823294,-7.5768537878427376
61-90|NPA|PAID|CREDIT_CARD,37.0,16.0,19.0,9.0,1805026.98,862006.47,12759859.23,5984731.46,51.35135135135135,56.25,4.898648648648653,14.146135529114295,14.403427718710038,0.2572921895957432
61-90|NPA|PAID|PERSONAL,39.0,24.0,19.0,7.0,1721831.92,610270.76,12255029.85,8810172.13,48.717948717948715,29.166666666666668,-19.551282051282048,14.05000184475275,6.926888044808269,-7.1231137999444805
61-90|NPA|WRITEOFF|AUTO,29.0,26.0,14.0,12.0,1256816.49,1491757.23,9157930.89,8317050.59,48.275862068965516,46.15384615384615,-2.1220159151193627,13.723804045872198,17.93613269340472,4.212328647532521
61-90|NPA|WRITEOFF|BNPL,43.0,35.0,15.0,18.0,1732720.67,2035858.1099999999,15766726.87,11014234.39,34.883720930232556,51.42857142857142,16.544850498338867,10.98972972822228,18.48388220109414,7.4941524728718605
61-90|NPA|WRITEOFF|CONSUMER,47.0,39.0,22.0,14.0,2164455.05,920680.37,17131304.53,13914367.07,46.808510638297875,35.8974358974359,-10.911074740861977,12.63450221324155,6.616760686046785,-6.017741527194765
61-90|NPA|WRITEOFF|CREDIT_CARD,32.0,34.0,20.0,15.0,1408172.82,1334391.31,9802688.38,10840147.33,62.5,44.11764705882353,-18.38235294117647,14.365169690317137,12.309715628191558,-2.0554540621255786
61-90|NPA|WRITEOFF|PERSONAL,36.0,27.0,15.0,9.0,1379593.87,1227226.15,13239342.790000001,8420145.08,41.66666666666667,33.33333333333333,-8.333333333333343,10.42041052855011,14.574881291712849,4.154470763162738
91-180+|HIGH|ACTIVE|AUTO,32.0,30.0,11.0,15.0,1028459.36,1646625.6600000001,10483934.24,11069167.18,34.375,50.0,15.625,9.809860844758598,14.87578634619556,5.065925501436963
91-180+|HIGH|ACTIVE|BNPL,44.0,34.0,21.0,16.0,2343833.77,1277757.7,15975423.27,10819433.37,47.72727272727273,47.05882352941176,-0.6684491978609657,14.671497151511781,11.809839353906943,-2.8616577976048383
91-180+|HIGH|ACTIVE|CONSUMER,45.0,33.0,21.0,15.0,2270749.21,1734883.28,15275130.64,12778227.17,46.666666666666664,45.45454545454545,-1.212121212121211,14.865661469720823,13.576869912542023,-1.2887915571788007
91-180+|HIGH|ACTIVE|CREDIT_CARD,38.0,34.0,12.0,17.0,1219643.28,1657934.55,12840783.85,11292737.99,31.57894736842105,50.0,18.42105263157895,9.498199597838413,14.681422268613176,5.183222670774763
91-180+|HIGH|ACTIVE|PERSONAL,30.0,33.0,17.0,19.0,1371289.83,1618045.05,8683278.620000001,10319340.18,56.666666666666664,57.57575757575758,0.9090909090909136,15.792304842568786,15.679733604828211,-0.11257123774057476
91-180+|HIGH|CLOSED|AUTO,37.0,28.0,11.0,11.0,857410.98,834899.54,15213358.780000001,9327693.28,29.72972972972973,39.285714285714285,9.555984555984555,5.63590849594096,8.950761082487054,3.3148525865460936
91-180+|HIGH|CLOSED|BNPL,41.0,31.0,20.0,13.0,1932679.74,1302308.89,15719931.92,9568990.73,48.78048780487805,41.935483870967744,-6.845003933910306,12.294453626361507,13.609678666707204,1.3152250403456964
91-180+|HIGH|CLOSED|CONSUMER,26.0,24.0,16.0,12.0,1175150.22,1039311.77,8357505.58,9319404.55,61.53846153846154,50.0,-11.53846153846154,14.061016277538638,11.152126344810302,-2.9088899327283357
91-180+|HIGH|CLOSED|CREDIT_CARD,41.0,27.0,13.0,10.0,1063640.0899999999,763867.86,14156958.82,10124536.36,31.70731707317073,37.03703703703704,5.329719963866307,7.513196185167683,7.544719410736553,0.03152322556887022
91-180+|HIGH|CLOSED|PERSONAL,40.0,34.0,18.0,20.0,2078420.95,2064979.16,17147570.55,11558453.39,45.0,58.82352941176471,13.82352941176471,12.120789612380396,17.865531748274844,5.744742135894448
91-180+|HIGH|PAID|AUTO,42.0,30.0,21.0,19.0,1694042.21,2553942.45,14648341.23,12390491.11,50.0,63.33333333333333,13.333333333333329,11.564737490758194,20.61211639899236,9.047378908234165
91-180+|HIGH|PAID|BNPL,34.0,39.0,13.0,13.0,1134106.71,832369.78,11315941.0,12985433.96,38.23529411764706,33.33333333333333,-4.901960784313729,10.02220416313588,6.4100266696054256,-3.6121774935304547
91-180+|HIGH|PAID|CONSUMER,42.0,27.0,15.0,13.0,1753430.52,1238739.47,13651938.7,8444189.4,35.714285714285715,48.148148148148145,12.43386243386243,12.84382063625879,14.669726261706067,1.8259056254472767
91-180+|HIGH|PAID|CREDIT_CARD,44.0,22.0,14.0,6.0,1384072.83,609684.38,15360802.18,8481282.7,31.818181818181817,27.27272727272727,-4.545454545454547,9.010420248768545,7.188586933908005,-1.8218333148605401
91-180+|HIGH|PAID|PERSONAL,36.0,35.0,12.0,10.0,1011159.87,901647.15,13214387.68,12811642.41,33.33333333333333,28.57142857142857,-4.761904761904759,7.651961592820471,7.037717110307639,-0.6142444825128317
91-180+|HIGH|WRITEOFF|AUTO,32.0,38.0,8.0,20.0,807604.7,1595058.73,11801855.53,13293640.28,25.0,52.63157894736842,27.631578947368418,6.843031572002305,11.99866023454638,5.155628662544075
91-180+|HIGH|WRITEOFF|BNPL,46.0,25.0,16.0,6.0,1724686.56,181665.56,18355287.8,9191606.52,34.78260869565217,24.0,-10.782608695652172,9.396129217870394,1.9764288169289477,-7.419700400941446
91-180+|HIGH|WRITEOFF|CONSUMER,37.0,38.0,23.0,16.0,2478423.53,1393299.3199999998,12666644.87,12442715.6,62.16216216216216,42.10526315789473,-20.05689900426743,19.566535222519427,11.197710891985668,-8.368824330533759
91-180+|HIGH|WRITEOFF|CREDIT_CARD,42.0,35.0,16.0,13.0,1844063.26,1300269.15,16049301.86,12324467.4,38.095238095238095,37.142857142857146,-0.952380952380949,11.489990506041863,10.550307025843567,-0.9396834801982958
91-180+|HIGH|WRITEOFF|PERSONAL,39.0,26.0,17.0,14.0,1271555.65,1255602.53,12722889.52,7590629.85,43.58974358974359,53.84615384615385,10.256410256410255,9.994236356459377,16.54148015134739,6.547243794888013
91-180+|LOW|ACTIVE|AUTO,43.0,38.0,19.0,14.0,1882806.64,1196557.58,13936737.56,13663307.59,44.18604651162791,36.84210526315789,-7.343941248470017,13.509665600677351,8.757451825762491,-4.7522137749148605
91-180+|LOW|ACTIVE|BNPL,36.0,24.0,13.0,10.0,1934642.85,1036400.09,13447055.07,7665594.46,36.11111111111111,41.66666666666667,5.555555555555564,14.387111824328983,13.520152878006542,-0.8669589463224412
91-180+|LOW|ACTIVE|CONSUMER,36.0,30.0,17.0,8.0,1840884.1199999999,938895.76,13131597.48,11268584.27,47.22222222222222,26.666666666666668,-20.555555555555554,14.018737040971194,8.331976204851154,-5.68676083612004
91-180+|LOW|ACTIVE|CREDIT_CARD,36.0,33.0,15.0,13.0,1772444.4,1086482.56,12313456.64,11348821.58,41.66666666666667,39.39393939393939,-2.2727272727272805,14.394369118434641,9.57352754505107,-4.820841573383571
91-180+|LOW|ACTIVE|PERSONAL,41.0,23.0,19.0,8.0,1463465.59,601983.26,13481852.09,7475375.37,46.34146341463415,34.78260869565217,-11.558854718981976,10.855078220933072,8.052883369788558,-2.802194851144513
91-180+|LOW|CLOSED|AUTO,34.0,36.0,22.0,17.0,1889473.31,1528972.76,12745527.3,10311914.24,64.70588235294117,47.22222222222222,-17.483660130718953,14.824598979125799,14.827244723090327,0.0026457439645284353
91-180+|LOW|CLOSED|BNPL,40.0,39.0,15.0,19.0,1528893.1500000001,2503346.54,13335059.14,15589661.56,37.5,48.717948717948715,11.217948717948715,11.465214619213155,16.057734995499157,4.592520376286002
91-180+|LOW|CLOSED|CONSUMER,29.0,30.0,12.0,14.0,1233151.05,1574432.4400000002,8351487.15,9757332.22,41.37931034482759,46.666666666666664,5.287356321839077,14.765646259780214,16.13589047191426,1.370244212134045
91-180+|LOW|CLOSED|CREDIT_CARD,46.0,42.0,20.0,21.0,2027670.75,2292017.73,18422529.87,15455252.53,43.47826086956522,50.0,6.521739130434781,11.006472858550994,14.830024456416954,3.8235515978659596
91-180+|LOW|CLOSED|PERSONAL,42.0,37.0,20.0,15.0,2106653.6,1442164.76,14438081.88,12328302.99,47.61904761904761,40.54054054054054,-7.078507078507073,14.590952021945453,11.69799899604836,-2.892953025897093
91-180+|LOW|PAID|AUTO,32.0,29.0,11.0,17.0,859076.6799999999,2016455.16,11833816.77,11422826.84,34.375,58.620689655172406,24.245689655172406,7.259506351136446,17.65285588448962,10.393349533353176
91-180+|LOW|PAID|BNPL,33.0,33.0,12.0,16.0,834234.9199999999,1619177.04,11784306.74,10381769.61,36.36363636363637,48.484848484848484,12.121212121212118,7.079202352806373,15.59634918540636,8.517146832599988
91-180+|LOW|PAID|CONSUMER,40.0,33.0,17.0,17.0,1920025.71,1845076.5999999999,13386597.92,10001071.35,42.5,51.515151515151516,9.015151515151516,14.3428951961829,18.448789488938104,4.105894292755204
91-180+|LOW|PAID|CREDIT_CARD,51.0,39.0,20.0,16.0,1890750.92,1504065.9100000001,17101922.02,14998489.0,39.21568627450981,41.02564102564102,1.8099547511312153,11.055780267205312,10.028116232241796,-1.0276640349635162
91-180+|LOW|PAID|PERSONAL,48.0,33.0,18.0,16.0,1204866.31,1552347.83,17497821.63,11983200.05,37.5,48.484848484848484,10.984848484848484,6.88580747636756,12.954367977859135,6.068560501491575
91-180+|LOW|WRITEOFF|AUTO,38.0,26.0,16.0,15.0,1501635.99,1449753.27,14814006.98,8503187.83,42.10526315789473,57.692307692307686,15.587044534412954,10.136595669404768,17.049526589135688,6.91293091973092
91-180+|LOW|WRITEOFF|BNPL,32.0,27.0,14.0,12.0,1217967.61,1076789.05,10349624.55,8774209.88,43.75,44.44444444444444,0.6944444444444429,11.768229891972265,12.272205300837868,0.5039754088656032
91-180+|LOW|WRITEOFF|CONSUMER,35.0,27.0,14.0,10.0,916824.05,1111334.9,11808913.45,10346070.629999999,40.0,37.03703703703704,-2.962962962962962,7.763830718904965,10.741613311410383,2.9777825925054175
91-180+|LOW|WRITEOFF|CREDIT_CARD,44.0,30.0,19.0,16.0,1658513.32,1470623.61,17840180.43,8513429.23,43.18181818181818,53.333333333333336,10.151515151515156,9.296505304458965,17.274162623185394,7.977657318726429
91-180+|LOW|WRITEOFF|PERSONAL,42.0,32.0,22.0,15.0,3131974.7800000003,1257501.81,15152979.77,10918536.08,52.38095238095239,46.875,-5.505952380952387,20.669035579396148,11.517128310849525,-9.151907268546623
91-180+|MEDIUM|ACTIVE|AUTO,45.0,34.0,18.0,14.0,1912472.4,1631445.54,15350317.5,10732586.89,40.0,41.17647058823529,1.17647058823529,12.458845883806639,15.200860302562152,2.742014418755513
91-180+|MEDIUM|ACTIVE|BNPL,33.0,39.0,15.0,19.0,1701338.1400000001,2094283.3599999999,11427925.06,12660889.8,45.45454545454545,48.717948717948715,3.263403263403262,14.88755072392818,16.541359991933582,1.6538092680054017
91-180+|MEDIUM|ACTIVE|CONSUMER,37.0,31.0,23.0,11.0,2347292.24,1052721.54,13380387.29,10111568.58,62.16216216216216,35.483870967741936,-26.678291194420225,17.5427825004309,10.411060674426045,-7.1317218260048545
91-180+|MEDIUM|ACTIVE|CREDIT_CARD,39.0,32.0,17.0,18.0,2110442.32,2014431.8,12357577.49,11402433.43,43.58974358974359,56.25,12.660256410256409,17.078123294859466,17.666683277448435,0.5885599825889685
91-180+|MEDIUM|ACTIVE|PERSONAL,23.0,37.0,14.0,18.0,1355322.22,1885874.19,8239737.41,12766735.21,60.86956521739131,48.64864864864865,-12.220916568742659,16.448609373827118,14.771781187431706,-1.6768281863954115
91-180+|MEDIUM|CLOSED|AUTO,26.0,32.0,6.0,16.0,401017.6,1948424.72,9033435.06,11529920.51,23.076923076923077,50.0,26.923076923076923,4.439259233463731,16.898856486565663,12.459597253101933
91-180+|MEDIUM|CLOSED|BNPL,31.0,19.0,9.0,6.0,1006662.9400000001,527992.94,9472305.91,4913080.32,29.03225806451613,31.57894736842105,2.5466893039049197,10.627432745148747,10.746678368978912,0.11924562383016557
91-180+|MEDIUM|CLOSED|CONSUMER,32.0,26.0,16.0,8.0,1856707.04,750458.66,10080203.99,8028348.430000001,50.0,30.76923076923077,-19.23076923076923,18.41933994432984,9.347609493326388,-9.07173045100345
91-180+|MEDIUM|CLOSED|CREDIT_CARD,28.0,30.0,9.0,15.0,886879.1399999999,1555227.8199999998,9453308.92,9851794.51,32.142857142857146,50.0,17.857142857142854,9.381679446904185,15.786238927551482,6.404559480647297
91-180+|MEDIUM|CLOSED|PERSONAL,28.0,24.0,14.0,8.0,1527961.65,756503.27,8828983.06,7530460.26,50.0,33.33333333333333,-16.66666666666667,17.306202080310705,10.045910128738932,-7.260291951571773
91-180+|MEDIUM|PAID|AUTO,45.0,24.0,23.0,12.0,1680707.31,1324945.07,17735475.36,6750543.72,51.11111111111111,50.0,-1.1111111111111072,9.476528121657294,19.62723485627614,10.150706734618845
91-180+|MEDIUM|PAID|BNPL,37.0,30.0,17.0,12.0,1707239.0899999999,798748.04,10710612.88,12357791.4,45.94594594594595,40.0,-5.945945945945951,15.939695600313767,6.46351774476465,-9.476177855549118
91-180+|MEDIUM|PAID|CONSUMER,49.0,25.0,16.0,9.0,1787190.1,1085832.6099999999,16557252.16,7835891.11,32.6530612244898,36.0,3.3469387755102034,10.794001823065791,13.857168186197521,3.06316636313173
91-180+|MEDIUM|PAID|CREDIT_CARD,27.0,37.0,17.0,19.0,1558001.52,2213074.2,9113051.870000001,12815882.37,62.96296296296296,51.35135135135135,-11.611611611611615,17.09637498200699,17.268215610190563,0.17184062818357404
91-180+|MEDIUM|PAID|PERSONAL,32.0,39.0,15.0,17.0,1147295.8599999999,1684748.9000000001,10658175.34,13652206.09,46.875,43.58974358974359,-3.285256410256409,10.764467869975949,12.340488334951587,1.5760204649756382
91-180+|MEDIUM|WRITEOFF|AUTO,33.0,31.0,19.0,8.0,1563775.74,809722.52,13471947.62,11030632.11,57.57575757575758,25.806451612903224,-31.769305962854354,11.607644151454918,7.340671975325266,-4.266972176129652
91-180+|MEDIUM|WRITEOFF|BNPL,32.0,33.0,15.0,15.0,1386427.49,1861502.56,12850945.25,10002603.39,46.875,45.45454545454545,-1.4204545454545467,10.788525381041524,18.610180644181273,7.82165526313975
91-180+|MEDIUM|WRITEOFF|CONSUMER,38.0,34.0,18.0,15.0,1750423.8900000001,1726597.5699999998,15982522.41,10841711.17,47.368421052631575,44.11764705882353,-3.250773993808046,10.952112846122391,15.925507910390127,4.973395064267736
91-180+|MEDIUM|WRITEOFF|CREDIT_CARD,24.0,32.0,9.0,12.0,877634.1399999999,1040410.63,8279365.41,10418280.75,37.5,37.5,0.0,10.600258552907619,9.986394636178336,-0.613863916729283
91-180+|MEDIUM|WRITEOFF|PERSONAL,35.0,34.0,10.0,17.0,1195454.46,1630586.74,11732863.93,11183007.08,28.57142857142857,50.0,21.42857142857143,10.188939947929661,14.580932734239136,4.3919927863094745
91-180+|NPA|ACTIVE|AUTO,41.0,32.0,16.0,15.0,1933985.72,1513020.5,13263698.42,11617949.24,39.02439024390244,46.875,7.850609756097562,14.581044130826973,13.023128856431466,-1.5579152743955067
91-180+|NPA|ACTIVE|BNPL,33.0,34.0,12.0,14.0,980504.62,1210557.84,11667684.32,9577650.2,36.36363636363637,41.17647058823529,4.812834224598923,8.403592290539448,12.639403347597725,4.235811057058276
91-180+|NPA|ACTIVE|CONSUMER,41.0,33.0,19.0,16.0,1717054.48,2187894.27,14935458.27,10696906.77,46.34146341463415,48.484848484848484,2.143385070214336,11.496496786100959,20.453522845838545,8.957026059737586
91-180+|NPA|ACTIVE|CREDIT_CARD,44.0,25.0,16.0,12.0,1472378.86,1321915.5,14896250.68,8706046.36,36.36363636363637,48.0,11.636363636363633,9.884224504739606,15.183878483275157,5.2996539785355505
91-180+|NPA|ACTIVE|PERSONAL,43.0,21.0,15.0,10.0,1710461.6,904735.5,14227393.97,6802586.43,34.883720930232556,47.61904761904761,12.735326688815057,12.022311349546468,13.299875118234992,1.2775637686885233
91-180+|NPA|CLOSED|AUTO,36.0,31.0,17.0,13.0,1405458.3399999999,778213.65,12311351.01,12900272.75,47.22222222222222,41.935483870967744,-5.286738351254478,11.415955396433782,6.032536405092675,-5.383418991341107
91-180+|NPA|CLOSED|BNPL,36.0,24.0,13.0,11.0,1422682.28,974885.3,11326911.209999999,7446563.18,36.11111111111111,45.83333333333333,9.722222222222221,12.560196276139083,13.09174818550321,0.5315519093641274
91-180+|NPA|CLOSED|CONSUMER,42.0,28.0,24.0,14.0,2791205.13,1196886.24,14831397.14,11947158.45,57.14285714285714,50.0,-7.142857142857139,18.81956975228026,10.018166621034478,-8.801403131245781
91-180+|NPA|CLOSED|CREDIT_CARD,34.0,30.0,12.0,15.0,1176236.73,1353570.29,10317229.99,8347538.84,35.294117647058826,50.0,14.705882352941174,11.400702815969696,16.215202060683076,4.81449924471338
91-180+|NPA|CLOSED|PERSONAL,41.0,30.0,15.0,13.0,1103831.5,1233243.09,13466049.93,10863793.5,36.58536585365854,43.333333333333336,6.747967479674799,8.197143971231363,11.351864245210479,3.154720273979116
91-180+|NPA|PAID|AUTO,36.0,35.0,21.0,13.0,1957747.62,1160477.47,13468050.69,13640054.67,58.333333333333336,37.142857142857146,-21.19047619047619,14.536235904232406,8.507865240103175,-6.0283706641292305
91-180+|NPA|PAID|BNPL,34.0,20.0,20.0,11.0,1677830.25,945123.12,12200705.58,7382548.18,58.82352941176471,55.00000000000001,-3.823529411764703,13.751911633294245,12.802125999806208,-0.9497856334880375
91-180+|NPA|PAID|CONSUMER,43.0,35.0,17.0,17.0,1913662.1600000001,1702918.91,13754692.97,12370665.52,39.53488372093023,48.57142857142857,9.036544850498338,13.912794448947995,13.765782505774194,-0.14701194317380128
91-180+|NPA|PAID|CREDIT_CARD,46.0,34.0,24.0,17.0,2139243.84,1806550.25,14570509.76,14291073.86,52.17391304347826,50.0,-2.173913043478258,14.682010960747608,12.641109182539765,-2.040901778207843
91-180+|NPA|PAID|PERSONAL,39.0,32.0,23.0,17.0,2722446.94,1587624.59,14691124.040000001,11378383.95,58.97435897435898,53.125,-5.849358974358978,18.531236497544405,13.952988376701775,-4.57824812084263
91-180+|NPA|WRITEOFF|AUTO,41.0,27.0,17.0,8.0,1801652.1099999999,1015085.46,15861178.74,8330368.19,41.46341463414634,29.629629629629626,-11.833785004516713,11.358879056425032,12.18536128113204,0.8264822247070089
91-180+|NPA|WRITEOFF|BNPL,36.0,31.0,14.0,18.0,1223560.87,2149242.96,12562499.81,13255917.6,38.88888888888889,58.06451612903226,19.17562724014337,9.739788167208737,16.21346046991119,6.473672302702454
91-180+|NPA|WRITEOFF|CONSUMER,27.0,30.0,14.0,6.0,1113976.02,590763.41,10027945.88,11421987.19,51.85185185185185,20.0,-31.851851851851848,11.108715915806277,5.172159626629734,-5.9365562891765435
91-180+|NPA|WRITEOFF|CREDIT_CARD,44.0,23.0,17.0,8.0,1776791.88,526395.81,13018548.04,7834902.850000001,38.63636363636363,34.78260869565217,-3.853754940711461,13.648157033647202,6.718600346142136,-6.929556687505066
91-180+|NPA|WRITEOFF|PERSONAL,32.0,22.0,17.0,8.0,1621260.8,926999.87,10992956.93,8364890.850000001,53.125,36.36363636363637,-16.761363636363633,14.748177495133696,11.082031871342348,-3.6661456237913477
