month,new_accounts,new_portfolio_principal,new_portfolio_outstanding,payment_records,payment_amount,successful_payments,recovered_amount,accounts_with_successful_payment,calls,unique_call_accounts,answered_calls,answered_accounts,ptps,ptp_accounts,ptps_kept,field_visits,field_visit_accounts,sms_events,sms_accounts,whatsapp_events,whatsapp_accounts,answer_rate_pct,ptp_kept_rate_pct,recovered_per_successful_payment,recovered_per_call,recovered_per_answered_call,payment_rate_from_answered_accounts_pct,monthly_recovery_rate_warning
2025-12,0.0,0.0,0.0,0.0,0.0,0.0,0.0,0.0,1,1,0,0,0.0,0.0,0,0.0,0.0,0.0,0.0,0.0,0.0,0.0,,,0.0,,,Historical outstanding denominator unavailable; use recovered_amount trend rather than treating current outstanding_amount as historical monthly recovery denominator.
2026-01,0.0,0.0,0.0,3528.0,265418102.83,2464.0,187229127.59,2374.0,12698,10324,2545,2433,2522.0,2430.0,0,3457.0,3262.0,6359.0,5751.0,8489.0,7385.0,20.0425,0.0,75985.8472362013,14744.773,73567.4371669941,97.5750102753802,Historical outstanding denominator unavailable; use recovered_amount trend rather than treating current outstanding_amount as historical monthly recovery denominator.
2026-02,0.0,0.0,0.0,3171.0,239508700.22,2268.0,170142453.76,2173.0,11580,9532,2282,2188,2220.0,2145.0,0,3197.0,3003.0,5814.0,5285.0,7721.0,6783.0,19.7064,0.0,75018.71858906525,14692.7853,74558.48105170902,99.31444241316271,Historical outstanding denominator unavailable; use recovered_amount trend rather than treating current outstanding_amount as historical monthly recovery denominator.
2026-03,0.0,0.0,0.0,3577.0,269081795.34,2524.0,188912374.02,2419.0,12857,10417,2570,2457,2509.0,2411.0,0,3568.0,3334.0,6362.0,5712.0,8221.0,7169.0,19.9891,0.0,74846.42393819334,14693.3479,73506.76031906615,98.45339845339845,Historical outstanding denominator unavailable; use recovered_amount trend rather than treating current outstanding_amount as historical monthly recovery denominator.
2026-04,0.0,0.0,0.0,3470.0,254435897.44,2406.0,175138043.41,2304.0,12258,10036,2366,2258,2492.0,2376.0,0,3456.0,3259.0,6107.0,5479.0,8175.0,7165.0,19.3017,0.0,72792.20424355778,14287.6524,74022.84167793745,102.03720106288752,Historical outstanding denominator unavailable; use recovered_amount trend rather than treating current outstanding_amount as historical monthly recovery denominator.
2026-05,0.0,0.0,0.0,3491.0,262420538.73,2449.0,184250278.5,2344.0,12754,10370,2594,2491,2507.0,2413.0,0,3539.0,3352.0,6362.0,5748.0,8464.0,7425.0,20.3387,0.0,75234.90342997141,14446.47,71029.40574402467,94.09875551987153,Historical outstanding denominator unavailable; use recovered_amount trend rather than treating current outstanding_amount as historical monthly recovery denominator.
2026-06,0.0,0.0,0.0,3365.0,251356772.39,2366.0,175559726.97,2286.0,12137,9971,2476,2385,2439.0,2366.0,0,3354.0,3192.0,6015.0,5475.0,8179.0,7175.0,20.4004,0.0,74201.06803465766,14464.837,70904.57470516962,95.84905660377359,Historical outstanding denominator unavailable; use recovered_amount trend rather than treating current outstanding_amount as historical monthly recovery denominator.
2026-07,0.0,0.0,0.0,3484.0,266377384.87,2441.0,187242265.08,2335.0,12583,10278,2433,2345,2626.0,2497.0,0,3558.0,3341.0,6376.0,5743.0,8568.0,7478.0,19.3356,0.0,76707.19585415814,14880.5742,76959.41844636253,99.57356076759062,Historical outstanding denominator unavailable; use recovered_amount trend rather than treating current outstanding_amount as historical monthly recovery denominator.
2026-08,0.0,0.0,0.0,914.0,70293081.07,616.0,47109695.31,608.0,3211,3053,630,619,685.0,678.0,0,871.0,862.0,1605.0,1570.0,2183.0,2109.0,19.6201,0.0,76476.77810064936,14671.347,74777.29414285715,98.22294022617125,Historical outstanding denominator unavailable; use recovered_amount trend rather than treating current outstanding_amount as historical monthly recovery denominator.
