month,recovered_amount,successful_payments,calls,answered_calls,answer_rate_pct,ptps,ptps_kept,ptp_kept_rate_pct,recovered_per_call,recovered_per_answered_call,recovered_amount_3m_avg,successful_payments_3m_avg,calls_3m_avg,answered_calls_3m_avg,answer_rate_pct_3m_avg,ptps_3m_avg,ptps_kept_3m_avg,ptp_kept_rate_pct_3m_avg,recovered_per_call_3m_avg,recovered_per_answered_call_3m_avg
2025-12,0.0,0.0,1,0,0.0,0.0,0,,0.0,,,,,,,,,,,
2026-01,187229127.59,2464.0,12698,2545,20.0425,2522.0,0,0.0,14744.773,73567.4371669941,,,,,,,,,,
2026-02,170142453.76,2268.0,11580,2282,19.7064,2220.0,0,0.0,14692.7853,74558.48105170902,119123860.45,1577.3333333333333,8093.0,1609.0,13.249633333333334,1580.6666666666667,0.0,,9812.519433333333,
2026-03,188912374.02,2524.0,12857,2570,19.9891,2509.0,0,0.0,14693.3479,73506.76031906615,182094651.79,2418.6666666666665,12378.333333333334,2465.6666666666665,19.912666666666667,2417.0,0.0,0.0,14710.302066666665,73877.55951258975
2026-04,175138043.41,2406.0,12258,2366,19.3017,2492.0,0,0.0,14287.6524,74022.84167793745,178064290.39666665,2399.3333333333335,12231.666666666666,2406.0,19.665733333333332,2407.0,0.0,0.0,14557.928533333334,74029.36101623754
2026-05,184250278.5,2449.0,12754,2594,20.3387,2507.0,0,0.0,14446.47,71029.40574402467,182766898.64333332,2459.6666666666665,12623.0,2510.0,19.8765,2502.6666666666665,0.0,0.0,14475.823433333333,72853.00258034276
2026-06,175559726.97,2366.0,12137,2476,20.4004,2439.0,0,0.0,14464.837,70904.57470516962,178316016.29333332,2407.0,12383.0,2478.6666666666665,20.0136,2479.3333333333335,0.0,0.0,14399.653133333333,71985.60737571058
2026-07,187242265.08,2441.0,12583,2433,19.3356,2626.0,0,0.0,14880.5742,76959.41844636253,182350756.85000002,2418.6666666666665,12491.333333333334,2501.0,20.024900000000002,2524.0,0.0,0.0,14597.293733333332,72964.46629851894
2026-08,47109695.31,616.0,3211,630,19.6201,685.0,0,0.0,14671.347,74777.29414285715,136637229.12,1807.6666666666667,9310.333333333334,1846.3333333333333,19.785366666666665,1916.6666666666667,0.0,0.0,14672.252733333333,74213.7624314631
