whatsapp_event_id,rows,account_id_unique,borrower_id_unique,event_at_unique,message_id_unique,event_type_unique,template_code_unique,provider_id_unique,difference_count,exact_duplicate
WHATSAPP_EVENT0000057,2,1,1,1,1,1,1,1,0,True
WHATSAPP_EVENT0000233,2,1,1,1,1,1,1,1,0,True
WHATSAPP_EVENT0000244,2,1,1,1,1,1,1,1,0,True
WHATSAPP_EVENT0000535,2,1,1,1,1,1,1,1,0,True
WHATSAPP_EVENT0000640,2,1,1,1,1,1,1,1,0,True
WHATSAPP_EVENT0000699,2,1,1,1,1,1,1,1,0,True
WHATSAPP_EVENT0000765,2,1,1,1,1,1,1,1,0,True
WHATSAPP_EVENT0000819,2,1,1,1,1,1,1,1,0,True
WHATSAPP_EVENT0000950,2,1,1,1,1,1,1,1,0,True
WHATSAPP_EVENT0000973,2,1,1,1,1,1,1,1,0,True
WHATSAPP_EVENT0001029,2,1,1,1,1,1,1,1,0,True
WHATSAPP_EVENT0001176,2,1,1,1,1,1,1,1,0,True
WHATSAPP_EVENT0001233,2,1,1,1,1,1,1,1,0,True
WHATSAPP_EVENT0001464,2,1,1,1,1,1,1,1,0,True
WHATSAPP_EVENT0001465,2,1,1,1,1,1,1,1,0,True
WHATSAPP_EVENT0001489,2,1,1,1,1,1,1,1,0,True
WHATSAPP_EVENT0001532,2,1,1,1,1,1,1,1,0,True
WHATSAPP_EVENT0001715,2,1,1,1,1,1,1,1,0,True
WHATSAPP_EVENT0001813,2,1,1,1,1,1,1,1,0,True
WHATSAPP_EVENT0001863,2,1,1,1,1,1,1,1,0,True
WHATSAPP_EVENT0001900,2,1,1,1,1,1,1,1,0,True
WHATSAPP_EVENT0002303,2,1,1,1,1,1,1,1,0,True
WHATSAPP_EVENT0002356,2,1,1,1,1,1,1,1,0,True
WHATSAPP_EVENT0002432,2,1,1,1,1,1,1,1,0,True
WHATSAPP_EVENT0002468,2,1,1,1,1,1,1,1,0,True
WHATSAPP_EVENT0002475,2,1,1,1,1,1,1,1,0,True
WHATSAPP_EVENT0002513,2,1,1,1,1,1,1,1,0,True
WHATSAPP_EVENT0002589,2,1,1,1,1,1,1,1,0,True
WHATSAPP_EVENT0002597,2,1,1,1,1,1,1,1,0,True
WHATSAPP_EVENT0002598,2,1,1,1,1,1,1,1,0,True
WHATSAPP_EVENT0002606,2,1,1,1,1,1,1,1,0,True
WHATSAPP_EVENT0002659,2,1,1,1,1,1,1,1,0,True
WHATSAPP_EVENT0002739,2,1,1,1,1,1,1,1,0,True
WHATSAPP_EVENT0002900,2,1,1,1,1,1,1,1,0,True
WHATSAPP_EVENT0003065,2,1,1,1,1,1,1,1,0,True
WHATSAPP_EVENT0003163,2,1,1,1,1,1,1,1,0,True
WHATSAPP_EVENT0003310,2,1,1,1,1,1,1,1,0,True
WHATSAPP_EVENT0003330,2,1,1,1,1,1,1,1,0,True
WHATSAPP_EVENT0003494,2,1,1,1,1,1,1,1,0,True
WHATSAPP_EVENT0003668,2,1,1,1,1,1,1,1,0,True
WHATSAPP_EVENT0003686,2,1,1,1,1,1,1,1,0,True
WHATSAPP_EVENT0003803,2,1,1,1,1,1,1,1,0,True
WHATSAPP_EVENT0003921,2,1,1,1,1,1,1,1,0,True
WHATSAPP_EVENT0003983,2,1,1,1,1,1,1,1,0,True
WHATSAPP_EVENT0004475,2,1,1,1,1,1,1,1,0,True
WHATSAPP_EVENT0004511,2,1,1,1,1,1,1,1,0,True
WHATSAPP_EVENT0004712,2,1,1,1,1,1,1,1,0,True
WHATSAPP_EVENT0004759,2,1,1,1,1,1,1,1,0,True
WHATSAPP_EVENT0004827,2,1,1,1,1,1,1,1,0,True
WHATSAPP_EVENT0004878,2,1,1,1,1,1,1,1,0,True
WHATSAPP_EVENT0005072,2,1,1,1,1,1,1,1,0,True
WHATSAPP_EVENT0005075,2,1,1,1,1,1,1,1,0,True
WHATSAPP_EVENT0005196,2,1,1,1,1,1,1,1,0,True
WHATSAPP_EVENT0005436,2,1,1,1,1,1,1,1,0,True
WHATSAPP_EVENT0005449,2,1,1,1,1,1,1,1,0,True
WHATSAPP_EVENT0005494,2,1,1,1,1,1,1,1,0,True
WHATSAPP_EVENT0005570,2,1,1,1,1,1,1,1,0,True
WHATSAPP_EVENT0005652,2,1,1,1,1,1,1,1,0,True
WHATSAPP_EVENT0005707,2,1,1,1,1,1,1,1,0,True
WHATSAPP_EVENT0005758,2,1,1,1,1,1,1,1,0,True
WHATSAPP_EVENT0005980,2,1,1,1,1,1,1,1,0,True
WHATSAPP_EVENT0005992,2,1,1,1,1,1,1,1,0,True
WHATSAPP_EVENT0006406,2,1,1,1,1,1,1,1,0,True
WHATSAPP_EVENT0006435,2,1,1,1,1,1,1,1,0,True
WHATSAPP_EVENT0006684,2,1,1,1,1,1,1,1,0,True
WHATSAPP_EVENT0006738,2,1,1,1,1,1,1,1,0,True
WHATSAPP_EVENT0006940,2,1,1,1,1,1,1,1,0,True
WHATSAPP_EVENT0006998,2,1,1,1,1,1,1,1,0,True
WHATSAPP_EVENT0007006,2,1,1,1,1,1,1,1,0,True
WHATSAPP_EVENT0007181,2,1,1,1,1,1,1,1,0,True
WHATSAPP_EVENT0007355,2,1,1,1,1,1,1,1,0,True
WHATSAPP_EVENT0007396,2,1,1,1,1,1,1,1,0,True
WHATSAPP_EVENT0007576,2,1,1,1,1,1,1,1,0,True
WHATSAPP_EVENT0007662,2,1,1,1,1,1,1,1,0,True
WHATSAPP_EVENT0007768,2,1,1,1,1,1,1,1,0,True
WHATSAPP_EVENT0007778,2,1,1,1,1,1,1,1,0,True
WHATSAPP_EVENT0007891,2,1,1,1,1,1,1,1,0,True
WHATSAPP_EVENT0008024,2,1,1,1,1,1,1,1,0,True
WHATSAPP_EVENT0008053,2,1,1,1,1,1,1,1,0,True
WHATSAPP_EVENT0008456,2,1,1,1,1,1,1,1,0,True
WHATSAPP_EVENT0008553,2,1,1,1,1,1,1,1,0,True
WHATSAPP_EVENT0008554,2,1,1,1,1,1,1,1,0,True
WHATSAPP_EVENT0008686,2,1,1,1,1,1,1,1,0,True
WHATSAPP_EVENT0008874,2,1,1,1,1,1,1,1,0,True
WHATSAPP_EVENT0008888,2,1,1,1,1,1,1,1,0,True
WHATSAPP_EVENT0008890,2,1,1,1,1,1,1,1,0,True
WHATSAPP_EVENT0008920,2,1,1,1,1,1,1,1,0,True
WHATSAPP_EVENT0008944,2,1,1,1,1,1,1,1,0,True
WHATSAPP_EVENT0009225,2,1,1,1,1,1,1,1,0,True
WHATSAPP_EVENT0009331,2,1,1,1,1,1,1,1,0,True
WHATSAPP_EVENT0009429,2,1,1,1,1,1,1,1,0,True
WHATSAPP_EVENT0009574,2,1,1,1,1,1,1,1,0,True
WHATSAPP_EVENT0009593,2,1,1,1,1,1,1,1,0,True
WHATSAPP_EVENT0009673,2,1,1,1,1,1,1,1,0,True
WHATSAPP_EVENT0009835,2,1,1,1,1,1,1,1,0,True
WHATSAPP_EVENT0009850,2,1,1,1,1,1,1,1,0,True
WHATSAPP_EVENT0010035,2,1,1,1,1,1,1,1,0,True
WHATSAPP_EVENT0010057,2,1,1,1,1,1,1,1,0,True
WHATSAPP_EVENT0010148,2,1,1,1,1,1,1,1,0,True
WHATSAPP_EVENT0010184,2,1,1,1,1,1,1,1,0,True
WHATSAPP_EVENT0010210,2,1,1,1,1,1,1,1,0,True
WHATSAPP_EVENT0010272,2,1,1,1,1,1,1,1,0,True
WHATSAPP_EVENT0010333,2,1,1,1,1,1,1,1,0,True
WHATSAPP_EVENT0010348,2,1,1,1,1,1,1,1,0,True
WHATSAPP_EVENT0010460,2,1,1,1,1,1,1,1,0,True
WHATSAPP_EVENT0010507,2,1,1,1,1,1,1,1,0,True
WHATSAPP_EVENT0010526,2,1,1,1,1,1,1,1,0,True
WHATSAPP_EVENT0010534,2,1,1,1,1,1,1,1,0,True
WHATSAPP_EVENT0010590,2,1,1,1,1,1,1,1,0,True
WHATSAPP_EVENT0010604,2,1,1,1,1,1,1,1,0,True
WHATSAPP_EVENT0010628,2,1,1,1,1,1,1,1,0,True
WHATSAPP_EVENT0010705,2,1,1,1,1,1,1,1,0,True
WHATSAPP_EVENT0010730,2,1,1,1,1,1,1,1,0,True
WHATSAPP_EVENT0010921,2,1,1,1,1,1,1,1,0,True
WHATSAPP_EVENT0011060,2,1,1,1,1,1,1,1,0,True
WHATSAPP_EVENT0011120,2,1,1,1,1,1,1,1,0,True
WHATSAPP_EVENT0011128,2,1,1,1,1,1,1,1,0,True
WHATSAPP_EVENT0011170,2,1,1,1,1,1,1,1,0,True
WHATSAPP_EVENT0011200,2,1,1,1,1,1,1,1,0,True
WHATSAPP_EVENT0011224,2,1,1,1,1,1,1,1,0,True
WHATSAPP_EVENT0011250,2,1,1,1,1,1,1,1,0,True
WHATSAPP_EVENT0011273,2,1,1,1,1,1,1,1,0,True
WHATSAPP_EVENT0011393,2,1,1,1,1,1,1,1,0,True
WHATSAPP_EVENT0011427,2,1,1,1,1,1,1,1,0,True
WHATSAPP_EVENT0011633,2,1,1,1,1,1,1,1,0,True
WHATSAPP_EVENT0011715,2,1,1,1,1,1,1,1,0,True
WHATSAPP_EVENT0011778,2,1,1,1,1,1,1,1,0,True
WHATSAPP_EVENT0011851,2,1,1,1,1,1,1,1,0,True
WHATSAPP_EVENT0011870,2,1,1,1,1,1,1,1,0,True
WHATSAPP_EVENT0011972,2,1,1,1,1,1,1,1,0,True
WHATSAPP_EVENT0012033,2,1,1,1,1,1,1,1,0,True
WHATSAPP_EVENT0012055,2,1,1,1,1,1,1,1,0,True
WHATSAPP_EVENT0012091,2,1,1,1,1,1,1,1,0,True
WHATSAPP_EVENT0012163,2,1,1,1,1,1,1,1,0,True
WHATSAPP_EVENT0012205,2,1,1,1,1,1,1,1,0,True
WHATSAPP_EVENT0012272,2,1,1,1,1,1,1,1,0,True
WHATSAPP_EVENT0012323,2,1,1,1,1,1,1,1,0,True
WHATSAPP_EVENT0012429,2,1,1,1,1,1,1,1,0,True
WHATSAPP_EVENT0012468,2,1,1,1,1,1,1,1,0,True
WHATSAPP_EVENT0012567,2,1,1,1,1,1,1,1,0,True
WHATSAPP_EVENT0012655,2,1,1,1,1,1,1,1,0,True
WHATSAPP_EVENT0012700,2,1,1,1,1,1,1,1,0,True
WHATSAPP_EVENT0012741,2,1,1,1,1,1,1,1,0,True
WHATSAPP_EVENT0012761,2,1,1,1,1,1,1,1,0,True
WHATSAPP_EVENT0012851,2,1,1,1,1,1,1,1,0,True
WHATSAPP_EVENT0012899,2,1,1,1,1,1,1,1,0,True
WHATSAPP_EVENT0013068,2,1,1,1,1,1,1,1,0,True
WHATSAPP_EVENT0013296,2,1,1,1,1,1,1,1,0,True
WHATSAPP_EVENT0013479,2,1,1,1,1,1,1,1,0,True
WHATSAPP_EVENT0013622,2,1,1,1,1,1,1,1,0,True
WHATSAPP_EVENT0013956,2,1,1,1,1,1,1,1,0,True
WHATSAPP_EVENT0014019,2,1,1,1,1,1,1,1,0,True
WHATSAPP_EVENT0014150,2,1,1,1,1,1,1,1,0,True
WHATSAPP_EVENT0014158,2,1,1,1,1,1,1,1,0,True
WHATSAPP_EVENT0014159,2,1,1,1,1,1,1,1,0,True
WHATSAPP_EVENT0014243,2,1,1,1,1,1,1,1,0,True
WHATSAPP_EVENT0014303,2,1,1,1,1,1,1,1,0,True
WHATSAPP_EVENT0014332,2,1,1,1,1,1,1,1,0,True
WHATSAPP_EVENT0014417,2,1,1,1,1,1,1,1,0,True
WHATSAPP_EVENT0014534,2,1,1,1,1,1,1,1,0,True
WHATSAPP_EVENT0014796,2,1,1,1,1,1,1,1,0,True
WHATSAPP_EVENT0014901,2,1,1,1,1,1,1,1,0,True
WHATSAPP_EVENT0014906,2,1,1,1,1,1,1,1,0,True
WHATSAPP_EVENT0014955,2,1,1,1,1,1,1,1,0,True
WHATSAPP_EVENT0015120,2,1,1,1,1,1,1,1,0,True
WHATSAPP_EVENT0015150,2,1,1,1,1,1,1,1,0,True
WHATSAPP_EVENT0015315,2,1,1,1,1,1,1,1,0,True
WHATSAPP_EVENT0015369,2,1,1,1,1,1,1,1,0,True
WHATSAPP_EVENT0015385,2,1,1,1,1,1,1,1,0,True
WHATSAPP_EVENT0015417,2,1,1,1,1,1,1,1,0,True
WHATSAPP_EVENT0015483,2,1,1,1,1,1,1,1,0,True
WHATSAPP_EVENT0015497,2,1,1,1,1,1,1,1,0,True
WHATSAPP_EVENT0015555,2,1,1,1,1,1,1,1,0,True
WHATSAPP_EVENT0015565,2,1,1,1,1,1,1,1,0,True
WHATSAPP_EVENT0015566,2,1,1,1,1,1,1,1,0,True
WHATSAPP_EVENT0015657,2,1,1,1,1,1,1,1,0,True
WHATSAPP_EVENT0015702,2,1,1,1,1,1,1,1,0,True
WHATSAPP_EVENT0015729,2,1,1,1,1,1,1,1,0,True
WHATSAPP_EVENT0015952,2,1,1,1,1,1,1,1,0,True
WHATSAPP_EVENT0015963,2,1,1,1,1,1,1,1,0,True
WHATSAPP_EVENT0015998,2,1,1,1,1,1,1,1,0,True
WHATSAPP_EVENT0016027,2,1,1,1,1,1,1,1,0,True
WHATSAPP_EVENT0016047,2,1,1,1,1,1,1,1,0,True
WHATSAPP_EVENT0016221,2,1,1,1,1,1,1,1,0,True
WHATSAPP_EVENT0016589,2,1,1,1,1,1,1,1,0,True
WHATSAPP_EVENT0016622,2,1,1,1,1,1,1,1,0,True
WHATSAPP_EVENT0016672,2,1,1,1,1,1,1,1,0,True
WHATSAPP_EVENT0016778,2,1,1,1,1,1,1,1,0,True
WHATSAPP_EVENT0016789,2,1,1,1,1,1,1,1,0,True
WHATSAPP_EVENT0016920,2,1,1,1,1,1,1,1,0,True
WHATSAPP_EVENT0016926,2,1,1,1,1,1,1,1,0,True
WHATSAPP_EVENT0017638,2,1,1,1,1,1,1,1,0,True
WHATSAPP_EVENT0017688,2,1,1,1,1,1,1,1,0,True
WHATSAPP_EVENT0017910,2,1,1,1,1,1,1,1,0,True
WHATSAPP_EVENT0018044,2,1,1,1,1,1,1,1,0,True
WHATSAPP_EVENT0018123,2,1,1,1,1,1,1,1,0,True
WHATSAPP_EVENT0018128,2,1,1,1,1,1,1,1,0,True
WHATSAPP_EVENT0018155,2,1,1,1,1,1,1,1,0,True
WHATSAPP_EVENT0018164,2,1,1,1,1,1,1,1,0,True
WHATSAPP_EVENT0018270,2,1,1,1,1,1,1,1,0,True
WHATSAPP_EVENT0018296,2,1,1,1,1,1,1,1,0,True
WHATSAPP_EVENT0018388,2,1,1,1,1,1,1,1,0,True
WHATSAPP_EVENT0018393,2,1,1,1,1,1,1,1,0,True
WHATSAPP_EVENT0018457,2,1,1,1,1,1,1,1,0,True
WHATSAPP_EVENT0018463,2,1,1,1,1,1,1,1,0,True
WHATSAPP_EVENT0018539,2,1,1,1,1,1,1,1,0,True
WHATSAPP_EVENT0018927,2,1,1,1,1,1,1,1,0,True
WHATSAPP_EVENT0019003,2,1,1,1,1,1,1,1,0,True
WHATSAPP_EVENT0019011,2,1,1,1,1,1,1,1,0,True
WHATSAPP_EVENT0019075,2,1,1,1,1,1,1,1,0,True
WHATSAPP_EVENT0019217,2,1,1,1,1,1,1,1,0,True
WHATSAPP_EVENT0019388,2,1,1,1,1,1,1,1,0,True
WHATSAPP_EVENT0019455,2,1,1,1,1,1,1,1,0,True
WHATSAPP_EVENT0019459,2,1,1,1,1,1,1,1,0,True
WHATSAPP_EVENT0019482,2,1,1,1,1,1,1,1,0,True
WHATSAPP_EVENT0019695,2,1,1,1,1,1,1,1,0,True
WHATSAPP_EVENT0019786,2,1,1,1,1,1,1,1,0,True
WHATSAPP_EVENT0019809,2,1,1,1,1,1,1,1,0,True
WHATSAPP_EVENT0020013,2,1,1,1,1,1,1,1,0,True
WHATSAPP_EVENT0020055,2,1,1,1,1,1,1,1,0,True
WHATSAPP_EVENT0020185,2,1,1,1,1,1,1,1,0,True
WHATSAPP_EVENT0020254,2,1,1,1,1,1,1,1,0,True
WHATSAPP_EVENT0020297,2,1,1,1,1,1,1,1,0,True
WHATSAPP_EVENT0020776,2,1,1,1,1,1,1,1,0,True
WHATSAPP_EVENT0020830,2,1,1,1,1,1,1,1,0,True
WHATSAPP_EVENT0020884,2,1,1,1,1,1,1,1,0,True
WHATSAPP_EVENT0020977,2,1,1,1,1,1,1,1,0,True
WHATSAPP_EVENT0020999,2,1,1,1,1,1,1,1,0,True
WHATSAPP_EVENT0021002,2,1,1,1,1,1,1,1,0,True
WHATSAPP_EVENT0021023,2,1,1,1,1,1,1,1,0,True
WHATSAPP_EVENT0021074,2,1,1,1,1,1,1,1,0,True
WHATSAPP_EVENT0021304,2,1,1,1,1,1,1,1,0,True
WHATSAPP_EVENT0021442,2,1,1,1,1,1,1,1,0,True
WHATSAPP_EVENT0021681,2,1,1,1,1,1,1,1,0,True
WHATSAPP_EVENT0021867,2,1,1,1,1,1,1,1,0,True
WHATSAPP_EVENT0021932,2,1,1,1,1,1,1,1,0,True
WHATSAPP_EVENT0021949,2,1,1,1,1,1,1,1,0,True
WHATSAPP_EVENT0021987,2,1,1,1,1,1,1,1,0,True
WHATSAPP_EVENT0022084,2,1,1,1,1,1,1,1,0,True
WHATSAPP_EVENT0022085,2,1,1,1,1,1,1,1,0,True
WHATSAPP_EVENT0022119,2,1,1,1,1,1,1,1,0,True
WHATSAPP_EVENT0022279,2,1,1,1,1,1,1,1,0,True
WHATSAPP_EVENT0022550,2,1,1,1,1,1,1,1,0,True
WHATSAPP_EVENT0023048,2,1,1,1,1,1,1,1,0,True
WHATSAPP_EVENT0023303,2,1,1,1,1,1,1,1,0,True
WHATSAPP_EVENT0023495,2,1,1,1,1,1,1,1,0,True
WHATSAPP_EVENT0023860,2,1,1,1,1,1,1,1,0,True
WHATSAPP_EVENT0023920,2,1,1,1,1,1,1,1,0,True
WHATSAPP_EVENT0024035,2,1,1,1,1,1,1,1,0,True
WHATSAPP_EVENT0024042,2,1,1,1,1,1,1,1,0,True
WHATSAPP_EVENT0024146,2,1,1,1,1,1,1,1,0,True
WHATSAPP_EVENT0024153,2,1,1,1,1,1,1,1,0,True
WHATSAPP_EVENT0024203,2,1,1,1,1,1,1,1,0,True
WHATSAPP_EVENT0024281,2,1,1,1,1,1,1,1,0,True
WHATSAPP_EVENT0024307,2,1,1,1,1,1,1,1,0,True
WHATSAPP_EVENT0024397,2,1,1,1,1,1,1,1,0,True
WHATSAPP_EVENT0024605,2,1,1,1,1,1,1,1,0,True
WHATSAPP_EVENT0024675,2,1,1,1,1,1,1,1,0,True
WHATSAPP_EVENT0024736,2,1,1,1,1,1,1,1,0,True
WHATSAPP_EVENT0024752,2,1,1,1,1,1,1,1,0,True
WHATSAPP_EVENT0024797,2,1,1,1,1,1,1,1,0,True
WHATSAPP_EVENT0024897,2,1,1,1,1,1,1,1,0,True
WHATSAPP_EVENT0025195,2,1,1,1,1,1,1,1,0,True
WHATSAPP_EVENT0025423,2,1,1,1,1,1,1,1,0,True
WHATSAPP_EVENT0025574,2,1,1,1,1,1,1,1,0,True
WHATSAPP_EVENT0025620,2,1,1,1,1,1,1,1,0,True
WHATSAPP_EVENT0025637,2,1,1,1,1,1,1,1,0,True
WHATSAPP_EVENT0025743,2,1,1,1,1,1,1,1,0,True
WHATSAPP_EVENT0025757,2,1,1,1,1,1,1,1,0,True
WHATSAPP_EVENT0025774,2,1,1,1,1,1,1,1,0,True
WHATSAPP_EVENT0025880,2,1,1,1,1,1,1,1,0,True
WHATSAPP_EVENT0025888,2,1,1,1,1,1,1,1,0,True
WHATSAPP_EVENT0025893,2,1,1,1,1,1,1,1,0,True
WHATSAPP_EVENT0025939,2,1,1,1,1,1,1,1,0,True
WHATSAPP_EVENT0026216,2,1,1,1,1,1,1,1,0,True
WHATSAPP_EVENT0026333,2,1,1,1,1,1,1,1,0,True
WHATSAPP_EVENT0026386,2,1,1,1,1,1,1,1,0,True
WHATSAPP_EVENT0026431,2,1,1,1,1,1,1,1,0,True
WHATSAPP_EVENT0026555,2,1,1,1,1,1,1,1,0,True
WHATSAPP_EVENT0026560,2,1,1,1,1,1,1,1,0,True
WHATSAPP_EVENT0026819,2,1,1,1,1,1,1,1,0,True
WHATSAPP_EVENT0026862,2,1,1,1,1,1,1,1,0,True
WHATSAPP_EVENT0026999,2,1,1,1,1,1,1,1,0,True
WHATSAPP_EVENT0027074,2,1,1,1,1,1,1,1,0,True
WHATSAPP_EVENT0027234,2,1,1,1,1,1,1,1,0,True
WHATSAPP_EVENT0027248,2,1,1,1,1,1,1,1,0,True
WHATSAPP_EVENT0027334,2,1,1,1,1,1,1,1,0,True
WHATSAPP_EVENT0027454,2,1,1,1,1,1,1,1,0,True
WHATSAPP_EVENT0027769,2,1,1,1,1,1,1,1,0,True
WHATSAPP_EVENT0027862,2,1,1,1,1,1,1,1,0,True
WHATSAPP_EVENT0027978,2,1,1,1,1,1,1,1,0,True
WHATSAPP_EVENT0027991,2,1,1,1,1,1,1,1,0,True
WHATSAPP_EVENT0028075,2,1,1,1,1,1,1,1,0,True
WHATSAPP_EVENT0028344,2,1,1,1,1,1,1,1,0,True
WHATSAPP_EVENT0028390,2,1,1,1,1,1,1,1,0,True
WHATSAPP_EVENT0028593,2,1,1,1,1,1,1,1,0,True
WHATSAPP_EVENT0028619,2,1,1,1,1,1,1,1,0,True
WHATSAPP_EVENT0028647,2,1,1,1,1,1,1,1,0,True
WHATSAPP_EVENT0028817,2,1,1,1,1,1,1,1,0,True
WHATSAPP_EVENT0028993,2,1,1,1,1,1,1,1,0,True
WHATSAPP_EVENT0029032,2,1,1,1,1,1,1,1,0,True
WHATSAPP_EVENT0029034,2,1,1,1,1,1,1,1,0,True
WHATSAPP_EVENT0029082,2,1,1,1,1,1,1,1,0,True
WHATSAPP_EVENT0029137,2,1,1,1,1,1,1,1,0,True
WHATSAPP_EVENT0029165,2,1,1,1,1,1,1,1,0,True
WHATSAPP_EVENT0029179,2,1,1,1,1,1,1,1,0,True
WHATSAPP_EVENT0029186,2,1,1,1,1,1,1,1,0,True
WHATSAPP_EVENT0029224,2,1,1,1,1,1,1,1,0,True
WHATSAPP_EVENT0029372,2,1,1,1,1,1,1,1,0,True
WHATSAPP_EVENT0029603,2,1,1,1,1,1,1,1,0,True
WHATSAPP_EVENT0029703,2,1,1,1,1,1,1,1,0,True
WHATSAPP_EVENT0029728,2,1,1,1,1,1,1,1,0,True
WHATSAPP_EVENT0029735,2,1,1,1,1,1,1,1,0,True
WHATSAPP_EVENT0029837,2,1,1,1,1,1,1,1,0,True
WHATSAPP_EVENT0029875,2,1,1,1,1,1,1,1,0,True
WHATSAPP_EVENT0030026,2,1,1,1,1,1,1,1,0,True
WHATSAPP_EVENT0030226,2,1,1,1,1,1,1,1,0,True
WHATSAPP_EVENT0030276,2,1,1,1,1,1,1,1,0,True
WHATSAPP_EVENT0030699,2,1,1,1,1,1,1,1,0,True
WHATSAPP_EVENT0030705,2,1,1,1,1,1,1,1,0,True
WHATSAPP_EVENT0030722,2,1,1,1,1,1,1,1,0,True
WHATSAPP_EVENT0030761,2,1,1,1,1,1,1,1,0,True
WHATSAPP_EVENT0030873,2,1,1,1,1,1,1,1,0,True
WHATSAPP_EVENT0030918,2,1,1,1,1,1,1,1,0,True
WHATSAPP_EVENT0031126,2,1,1,1,1,1,1,1,0,True
WHATSAPP_EVENT0031218,2,1,1,1,1,1,1,1,0,True
WHATSAPP_EVENT0031250,2,1,1,1,1,1,1,1,0,True
WHATSAPP_EVENT0031328,2,1,1,1,1,1,1,1,0,True
WHATSAPP_EVENT0031624,2,1,1,1,1,1,1,1,0,True
WHATSAPP_EVENT0031637,2,1,1,1,1,1,1,1,0,True
WHATSAPP_EVENT0031642,2,1,1,1,1,1,1,1,0,True
WHATSAPP_EVENT0031730,2,1,1,1,1,1,1,1,0,True
WHATSAPP_EVENT0031878,2,1,1,1,1,1,1,1,0,True
WHATSAPP_EVENT0031904,2,1,1,1,1,1,1,1,0,True
WHATSAPP_EVENT0031920,2,1,1,1,1,1,1,1,0,True
WHATSAPP_EVENT0032154,2,1,1,1,1,1,1,1,0,True
WHATSAPP_EVENT0032207,2,1,1,1,1,1,1,1,0,True
WHATSAPP_EVENT0032232,2,1,1,1,1,1,1,1,0,True
WHATSAPP_EVENT0032507,2,1,1,1,1,1,1,1,0,True
WHATSAPP_EVENT0032524,2,1,1,1,1,1,1,1,0,True
WHATSAPP_EVENT0032542,2,1,1,1,1,1,1,1,0,True
WHATSAPP_EVENT0032606,2,1,1,1,1,1,1,1,0,True
WHATSAPP_EVENT0032679,2,1,1,1,1,1,1,1,0,True
WHATSAPP_EVENT0032725,2,1,1,1,1,1,1,1,0,True
WHATSAPP_EVENT0032818,2,1,1,1,1,1,1,1,0,True
WHATSAPP_EVENT0032829,2,1,1,1,1,1,1,1,0,True
WHATSAPP_EVENT0032854,2,1,1,1,1,1,1,1,0,True
WHATSAPP_EVENT0033029,2,1,1,1,1,1,1,1,0,True
WHATSAPP_EVENT0033174,2,1,1,1,1,1,1,1,0,True
WHATSAPP_EVENT0033194,2,1,1,1,1,1,1,1,0,True
WHATSAPP_EVENT0033221,2,1,1,1,1,1,1,1,0,True
WHATSAPP_EVENT0033256,2,1,1,1,1,1,1,1,0,True
WHATSAPP_EVENT0033279,2,1,1,1,1,1,1,1,0,True
WHATSAPP_EVENT0033594,2,1,1,1,1,1,1,1,0,True
WHATSAPP_EVENT0033601,2,1,1,1,1,1,1,1,0,True
WHATSAPP_EVENT0033644,2,1,1,1,1,1,1,1,0,True
WHATSAPP_EVENT0033735,2,1,1,1,1,1,1,1,0,True
WHATSAPP_EVENT0033835,2,1,1,1,1,1,1,1,0,True
WHATSAPP_EVENT0033840,2,1,1,1,1,1,1,1,0,True
WHATSAPP_EVENT0033939,2,1,1,1,1,1,1,1,0,True
WHATSAPP_EVENT0034007,2,1,1,1,1,1,1,1,0,True
WHATSAPP_EVENT0034014,2,1,1,1,1,1,1,1,0,True
WHATSAPP_EVENT0034075,2,1,1,1,1,1,1,1,0,True
WHATSAPP_EVENT0034262,2,1,1,1,1,1,1,1,0,True
WHATSAPP_EVENT0034327,2,1,1,1,1,1,1,1,0,True
WHATSAPP_EVENT0034391,2,1,1,1,1,1,1,1,0,True
WHATSAPP_EVENT0034660,2,1,1,1,1,1,1,1,0,True
WHATSAPP_EVENT0034691,2,1,1,1,1,1,1,1,0,True
WHATSAPP_EVENT0034696,2,1,1,1,1,1,1,1,0,True
WHATSAPP_EVENT0034877,2,1,1,1,1,1,1,1,0,True
WHATSAPP_EVENT0034884,2,1,1,1,1,1,1,1,0,True
WHATSAPP_EVENT0035117,2,1,1,1,1,1,1,1,0,True
WHATSAPP_EVENT0035200,2,1,1,1,1,1,1,1,0,True
WHATSAPP_EVENT0035363,2,1,1,1,1,1,1,1,0,True
WHATSAPP_EVENT0035366,2,1,1,1,1,1,1,1,0,True
WHATSAPP_EVENT0035634,2,1,1,1,1,1,1,1,0,True
WHATSAPP_EVENT0035649,2,1,1,1,1,1,1,1,0,True
WHATSAPP_EVENT0035652,2,1,1,1,1,1,1,1,0,True
WHATSAPP_EVENT0035962,2,1,1,1,1,1,1,1,0,True
WHATSAPP_EVENT0036153,2,1,1,1,1,1,1,1,0,True
WHATSAPP_EVENT0036208,2,1,1,1,1,1,1,1,0,True
WHATSAPP_EVENT0036365,2,1,1,1,1,1,1,1,0,True
WHATSAPP_EVENT0036391,2,1,1,1,1,1,1,1,0,True
WHATSAPP_EVENT0036417,2,1,1,1,1,1,1,1,0,True
WHATSAPP_EVENT0036531,2,1,1,1,1,1,1,1,0,True
WHATSAPP_EVENT0036564,2,1,1,1,1,1,1,1,0,True
WHATSAPP_EVENT0036691,2,1,1,1,1,1,1,1,0,True
WHATSAPP_EVENT0036717,2,1,1,1,1,1,1,1,0,True
WHATSAPP_EVENT0036828,2,1,1,1,1,1,1,1,0,True
WHATSAPP_EVENT0037173,2,1,1,1,1,1,1,1,0,True
WHATSAPP_EVENT0037408,2,1,1,1,1,1,1,1,0,True
WHATSAPP_EVENT0037428,2,1,1,1,1,1,1,1,0,True
WHATSAPP_EVENT0037579,2,1,1,1,1,1,1,1,0,True
WHATSAPP_EVENT0037581,2,1,1,1,1,1,1,1,0,True
WHATSAPP_EVENT0037657,2,1,1,1,1,1,1,1,0,True
WHATSAPP_EVENT0037667,2,1,1,1,1,1,1,1,0,True
WHATSAPP_EVENT0037748,2,1,1,1,1,1,1,1,0,True
WHATSAPP_EVENT0037816,2,1,1,1,1,1,1,1,0,True
WHATSAPP_EVENT0037889,2,1,1,1,1,1,1,1,0,True
WHATSAPP_EVENT0037951,2,1,1,1,1,1,1,1,0,True
WHATSAPP_EVENT0038030,2,1,1,1,1,1,1,1,0,True
WHATSAPP_EVENT0038073,2,1,1,1,1,1,1,1,0,True
WHATSAPP_EVENT0038226,2,1,1,1,1,1,1,1,0,True
WHATSAPP_EVENT0038396,2,1,1,1,1,1,1,1,0,True
WHATSAPP_EVENT0038748,2,1,1,1,1,1,1,1,0,True
WHATSAPP_EVENT0038978,2,1,1,1,1,1,1,1,0,True
WHATSAPP_EVENT0039201,2,1,1,1,1,1,1,1,0,True
WHATSAPP_EVENT0039301,2,1,1,1,1,1,1,1,0,True
WHATSAPP_EVENT0039550,2,1,1,1,1,1,1,1,0,True
WHATSAPP_EVENT0039744,2,1,1,1,1,1,1,1,0,True
WHATSAPP_EVENT0040089,2,1,1,1,1,1,1,1,0,True
WHATSAPP_EVENT0040192,2,1,1,1,1,1,1,1,0,True
WHATSAPP_EVENT0040223,2,1,1,1,1,1,1,1,0,True
WHATSAPP_EVENT0040380,2,1,1,1,1,1,1,1,0,True
WHATSAPP_EVENT0040639,2,1,1,1,1,1,1,1,0,True
WHATSAPP_EVENT0040656,2,1,1,1,1,1,1,1,0,True
WHATSAPP_EVENT0040811,2,1,1,1,1,1,1,1,0,True
WHATSAPP_EVENT0040853,2,1,1,1,1,1,1,1,0,True
WHATSAPP_EVENT0041074,2,1,1,1,1,1,1,1,0,True
WHATSAPP_EVENT0041276,2,1,1,1,1,1,1,1,0,True
WHATSAPP_EVENT0041383,2,1,1,1,1,1,1,1,0,True
WHATSAPP_EVENT0041627,2,1,1,1,1,1,1,1,0,True
WHATSAPP_EVENT0041719,2,1,1,1,1,1,1,1,0,True
WHATSAPP_EVENT0041729,2,1,1,1,1,1,1,1,0,True
WHATSAPP_EVENT0041824,2,1,1,1,1,1,1,1,0,True
WHATSAPP_EVENT0041895,2,1,1,1,1,1,1,1,0,True
WHATSAPP_EVENT0041995,2,1,1,1,1,1,1,1,0,True
WHATSAPP_EVENT0042098,2,1,1,1,1,1,1,1,0,True
WHATSAPP_EVENT0042175,2,1,1,1,1,1,1,1,0,True
WHATSAPP_EVENT0042253,2,1,1,1,1,1,1,1,0,True
WHATSAPP_EVENT0042340,2,1,1,1,1,1,1,1,0,True
WHATSAPP_EVENT0042393,2,1,1,1,1,1,1,1,0,True
WHATSAPP_EVENT0042464,2,1,1,1,1,1,1,1,0,True
WHATSAPP_EVENT0042524,2,1,1,1,1,1,1,1,0,True
WHATSAPP_EVENT0042548,2,1,1,1,1,1,1,1,0,True
WHATSAPP_EVENT0042614,2,1,1,1,1,1,1,1,0,True
WHATSAPP_EVENT0042672,2,1,1,1,1,1,1,1,0,True
WHATSAPP_EVENT0042768,2,1,1,1,1,1,1,1,0,True
WHATSAPP_EVENT0042772,2,1,1,1,1,1,1,1,0,True
WHATSAPP_EVENT0042787,2,1,1,1,1,1,1,1,0,True
WHATSAPP_EVENT0042802,2,1,1,1,1,1,1,1,0,True
WHATSAPP_EVENT0042827,2,1,1,1,1,1,1,1,0,True
WHATSAPP_EVENT0042877,2,1,1,1,1,1,1,1,0,True
WHATSAPP_EVENT0042881,2,1,1,1,1,1,1,1,0,True
WHATSAPP_EVENT0042944,2,1,1,1,1,1,1,1,0,True
WHATSAPP_EVENT0043575,2,1,1,1,1,1,1,1,0,True
WHATSAPP_EVENT0043622,2,1,1,1,1,1,1,1,0,True
WHATSAPP_EVENT0043678,2,1,1,1,1,1,1,1,0,True
WHATSAPP_EVENT0043709,2,1,1,1,1,1,1,1,0,True
WHATSAPP_EVENT0043807,2,1,1,1,1,1,1,1,0,True
WHATSAPP_EVENT0043818,2,1,1,1,1,1,1,1,0,True
WHATSAPP_EVENT0043932,2,1,1,1,1,1,1,1,0,True
WHATSAPP_EVENT0044086,2,1,1,1,1,1,1,1,0,True
WHATSAPP_EVENT0044098,2,1,1,1,1,1,1,1,0,True
WHATSAPP_EVENT0044390,2,1,1,1,1,1,1,1,0,True
WHATSAPP_EVENT0044394,2,1,1,1,1,1,1,1,0,True
WHATSAPP_EVENT0044480,2,1,1,1,1,1,1,1,0,True
WHATSAPP_EVENT0044519,2,1,1,1,1,1,1,1,0,True
WHATSAPP_EVENT0044840,2,1,1,1,1,1,1,1,0,True
WHATSAPP_EVENT0044987,2,1,1,1,1,1,1,1,0,True
WHATSAPP_EVENT0045026,2,1,1,1,1,1,1,1,0,True
WHATSAPP_EVENT0045186,2,1,1,1,1,1,1,1,0,True
WHATSAPP_EVENT0045363,2,1,1,1,1,1,1,1,0,True
WHATSAPP_EVENT0045387,2,1,1,1,1,1,1,1,0,True
WHATSAPP_EVENT0045457,2,1,1,1,1,1,1,1,0,True
WHATSAPP_EVENT0045545,2,1,1,1,1,1,1,1,0,True
WHATSAPP_EVENT0045659,2,1,1,1,1,1,1,1,0,True
WHATSAPP_EVENT0045712,2,1,1,1,1,1,1,1,0,True
WHATSAPP_EVENT0045739,2,1,1,1,1,1,1,1,0,True
WHATSAPP_EVENT0045795,2,1,1,1,1,1,1,1,0,True
WHATSAPP_EVENT0045875,2,1,1,1,1,1,1,1,0,True
WHATSAPP_EVENT0045902,2,1,1,1,1,1,1,1,0,True
WHATSAPP_EVENT0045991,2,1,1,1,1,1,1,1,0,True
WHATSAPP_EVENT0046083,2,1,1,1,1,1,1,1,0,True
WHATSAPP_EVENT0046100,2,1,1,1,1,1,1,1,0,True
WHATSAPP_EVENT0046139,2,1,1,1,1,1,1,1,0,True
WHATSAPP_EVENT0046345,2,1,1,1,1,1,1,1,0,True
WHATSAPP_EVENT0046768,2,1,1,1,1,1,1,1,0,True
WHATSAPP_EVENT0046992,2,1,1,1,1,1,1,1,0,True
WHATSAPP_EVENT0047110,2,1,1,1,1,1,1,1,0,True
WHATSAPP_EVENT0047366,2,1,1,1,1,1,1,1,0,True
WHATSAPP_EVENT0047536,2,1,1,1,1,1,1,1,0,True
WHATSAPP_EVENT0047652,2,1,1,1,1,1,1,1,0,True
WHATSAPP_EVENT0047685,2,1,1,1,1,1,1,1,0,True
WHATSAPP_EVENT0047759,2,1,1,1,1,1,1,1,0,True
WHATSAPP_EVENT0048223,2,1,1,1,1,1,1,1,0,True
WHATSAPP_EVENT0048313,2,1,1,1,1,1,1,1,0,True
WHATSAPP_EVENT0048372,2,1,1,1,1,1,1,1,0,True
WHATSAPP_EVENT0048440,2,1,1,1,1,1,1,1,0,True
WHATSAPP_EVENT0048531,2,1,1,1,1,1,1,1,0,True
WHATSAPP_EVENT0048608,2,1,1,1,1,1,1,1,0,True
WHATSAPP_EVENT0048889,2,1,1,1,1,1,1,1,0,True
WHATSAPP_EVENT0048995,2,1,1,1,1,1,1,1,0,True
WHATSAPP_EVENT0049177,2,1,1,1,1,1,1,1,0,True
WHATSAPP_EVENT0049190,2,1,1,1,1,1,1,1,0,True
WHATSAPP_EVENT0049455,2,1,1,1,1,1,1,1,0,True
WHATSAPP_EVENT0049523,2,1,1,1,1,1,1,1,0,True
WHATSAPP_EVENT0049535,2,1,1,1,1,1,1,1,0,True
WHATSAPP_EVENT0049607,2,1,1,1,1,1,1,1,0,True
WHATSAPP_EVENT0049648,2,1,1,1,1,1,1,1,0,True
WHATSAPP_EVENT0049746,2,1,1,1,1,1,1,1,0,True
WHATSAPP_EVENT0049992,2,1,1,1,1,1,1,1,0,True
WHATSAPP_EVENT0050015,2,1,1,1,1,1,1,1,0,True
WHATSAPP_EVENT0050087,2,1,1,1,1,1,1,1,0,True
WHATSAPP_EVENT0050095,2,1,1,1,1,1,1,1,0,True
WHATSAPP_EVENT0050217,2,1,1,1,1,1,1,1,0,True
WHATSAPP_EVENT0050228,2,1,1,1,1,1,1,1,0,True
WHATSAPP_EVENT0050273,2,1,1,1,1,1,1,1,0,True
WHATSAPP_EVENT0050343,2,1,1,1,1,1,1,1,0,True
WHATSAPP_EVENT0050497,2,1,1,1,1,1,1,1,0,True
WHATSAPP_EVENT0050615,2,1,1,1,1,1,1,1,0,True
WHATSAPP_EVENT0050663,2,1,1,1,1,1,1,1,0,True
WHATSAPP_EVENT0050790,2,1,1,1,1,1,1,1,0,True
WHATSAPP_EVENT0051028,2,1,1,1,1,1,1,1,0,True
WHATSAPP_EVENT0051072,2,1,1,1,1,1,1,1,0,True
WHATSAPP_EVENT0051103,2,1,1,1,1,1,1,1,0,True
WHATSAPP_EVENT0051165,2,1,1,1,1,1,1,1,0,True
WHATSAPP_EVENT0051242,2,1,1,1,1,1,1,1,0,True
WHATSAPP_EVENT0051318,2,1,1,1,1,1,1,1,0,True
WHATSAPP_EVENT0051335,2,1,1,1,1,1,1,1,0,True
WHATSAPP_EVENT0051458,2,1,1,1,1,1,1,1,0,True
WHATSAPP_EVENT0051491,2,1,1,1,1,1,1,1,0,True
WHATSAPP_EVENT0051560,2,1,1,1,1,1,1,1,0,True
WHATSAPP_EVENT0051910,2,1,1,1,1,1,1,1,0,True
WHATSAPP_EVENT0051941,2,1,1,1,1,1,1,1,0,True
WHATSAPP_EVENT0051942,2,1,1,1,1,1,1,1,0,True
WHATSAPP_EVENT0052114,2,1,1,1,1,1,1,1,0,True
WHATSAPP_EVENT0052623,2,1,1,1,1,1,1,1,0,True
WHATSAPP_EVENT0052645,2,1,1,1,1,1,1,1,0,True
WHATSAPP_EVENT0052650,2,1,1,1,1,1,1,1,0,True
WHATSAPP_EVENT0052652,2,1,1,1,1,1,1,1,0,True
WHATSAPP_EVENT0052674,2,1,1,1,1,1,1,1,0,True
WHATSAPP_EVENT0052810,2,1,1,1,1,1,1,1,0,True
WHATSAPP_EVENT0052841,2,1,1,1,1,1,1,1,0,True
WHATSAPP_EVENT0052870,2,1,1,1,1,1,1,1,0,True
WHATSAPP_EVENT0052949,2,1,1,1,1,1,1,1,0,True
WHATSAPP_EVENT0052988,2,1,1,1,1,1,1,1,0,True
WHATSAPP_EVENT0053134,2,1,1,1,1,1,1,1,0,True
WHATSAPP_EVENT0053195,2,1,1,1,1,1,1,1,0,True
WHATSAPP_EVENT0053223,2,1,1,1,1,1,1,1,0,True
WHATSAPP_EVENT0053452,2,1,1,1,1,1,1,1,0,True
WHATSAPP_EVENT0053494,2,1,1,1,1,1,1,1,0,True
WHATSAPP_EVENT0053742,2,1,1,1,1,1,1,1,0,True
WHATSAPP_EVENT0054056,2,1,1,1,1,1,1,1,0,True
WHATSAPP_EVENT0054196,2,1,1,1,1,1,1,1,0,True
WHATSAPP_EVENT0054237,2,1,1,1,1,1,1,1,0,True
WHATSAPP_EVENT0054261,2,1,1,1,1,1,1,1,0,True
WHATSAPP_EVENT0054315,2,1,1,1,1,1,1,1,0,True
WHATSAPP_EVENT0054401,2,1,1,1,1,1,1,1,0,True
WHATSAPP_EVENT0054440,2,1,1,1,1,1,1,1,0,True
WHATSAPP_EVENT0054695,2,1,1,1,1,1,1,1,0,True
WHATSAPP_EVENT0054792,2,1,1,1,1,1,1,1,0,True
WHATSAPP_EVENT0054926,2,1,1,1,1,1,1,1,0,True
WHATSAPP_EVENT0055001,2,1,1,1,1,1,1,1,0,True
WHATSAPP_EVENT0055130,2,1,1,1,1,1,1,1,0,True
WHATSAPP_EVENT0055221,2,1,1,1,1,1,1,1,0,True
WHATSAPP_EVENT0055237,2,1,1,1,1,1,1,1,0,True
WHATSAPP_EVENT0055245,2,1,1,1,1,1,1,1,0,True
WHATSAPP_EVENT0055349,2,1,1,1,1,1,1,1,0,True
WHATSAPP_EVENT0055361,2,1,1,1,1,1,1,1,0,True
WHATSAPP_EVENT0055474,2,1,1,1,1,1,1,1,0,True
WHATSAPP_EVENT0055568,2,1,1,1,1,1,1,1,0,True
WHATSAPP_EVENT0055626,2,1,1,1,1,1,1,1,0,True
WHATSAPP_EVENT0055973,2,1,1,1,1,1,1,1,0,True
WHATSAPP_EVENT0055983,2,1,1,1,1,1,1,1,0,True
WHATSAPP_EVENT0056033,2,1,1,1,1,1,1,1,0,True
WHATSAPP_EVENT0056062,2,1,1,1,1,1,1,1,0,True
WHATSAPP_EVENT0056124,2,1,1,1,1,1,1,1,0,True
WHATSAPP_EVENT0056313,2,1,1,1,1,1,1,1,0,True
WHATSAPP_EVENT0056713,2,1,1,1,1,1,1,1,0,True
WHATSAPP_EVENT0056778,2,1,1,1,1,1,1,1,0,True
WHATSAPP_EVENT0056885,2,1,1,1,1,1,1,1,0,True
WHATSAPP_EVENT0057131,2,1,1,1,1,1,1,1,0,True
WHATSAPP_EVENT0057143,2,1,1,1,1,1,1,1,0,True
WHATSAPP_EVENT0057235,2,1,1,1,1,1,1,1,0,True
WHATSAPP_EVENT0057273,2,1,1,1,1,1,1,1,0,True
WHATSAPP_EVENT0057535,2,1,1,1,1,1,1,1,0,True
WHATSAPP_EVENT0057757,2,1,1,1,1,1,1,1,0,True
WHATSAPP_EVENT0057827,2,1,1,1,1,1,1,1,0,True
WHATSAPP_EVENT0058006,2,1,1,1,1,1,1,1,0,True
WHATSAPP_EVENT0058070,2,1,1,1,1,1,1,1,0,True
WHATSAPP_EVENT0058116,2,1,1,1,1,1,1,1,0,True
WHATSAPP_EVENT0058253,2,1,1,1,1,1,1,1,0,True
WHATSAPP_EVENT0058638,2,1,1,1,1,1,1,1,0,True
WHATSAPP_EVENT0058678,2,1,1,1,1,1,1,1,0,True
WHATSAPP_EVENT0058715,2,1,1,1,1,1,1,1,0,True
WHATSAPP_EVENT0058778,2,1,1,1,1,1,1,1,0,True
WHATSAPP_EVENT0058933,2,1,1,1,1,1,1,1,0,True
WHATSAPP_EVENT0058963,2,1,1,1,1,1,1,1,0,True
WHATSAPP_EVENT0058977,2,1,1,1,1,1,1,1,0,True
WHATSAPP_EVENT0059256,2,1,1,1,1,1,1,1,0,True
WHATSAPP_EVENT0059335,2,1,1,1,1,1,1,1,0,True
WHATSAPP_EVENT0059344,2,1,1,1,1,1,1,1,0,True
WHATSAPP_EVENT0059454,2,1,1,1,1,1,1,1,0,True
WHATSAPP_EVENT0059595,2,1,1,1,1,1,1,1,0,True
WHATSAPP_EVENT0059597,2,1,1,1,1,1,1,1,0,True
WHATSAPP_EVENT0059694,2,1,1,1,1,1,1,1,0,True
WHATSAPP_EVENT0059789,2,1,1,1,1,1,1,1,0,True
WHATSAPP_EVENT0059886,2,1,1,1,1,1,1,1,0,True
WHATSAPP_EVENT0059983,2,1,1,1,1,1,1,1,0,True
